Date,Confirmed Cases Barisal,Case Rate Barisal,Deaths Barisal,Death Rate Barisal,Confirmed Cases Chittagong,Case Rate Chittagong,Deaths Chittagong,Death Rate Chittagong,Confirmed Cases Dhaka,Case Rate Dhaka,Deaths Dhaka,Death Rate Dhaka,Confirmed Cases Khulna,Case Rate Khulna,Deaths Khulna,Death Rate Khulna,Confirmed Cases Mymensingh,Case Rate Mymensingh,Deaths Mymensingh,Death Rate Mymensingh,Confirmed Cases Rajshahi,Case Rate Rajshahi,Deaths Rajshahi,Death Rate Rajshahi,Confirmed Cases Rangpur,Case Rate Rangpur,Deaths Rangpur,Death Rate Rangpur,Confirmed Cases Sylhet,Case Rate Sylhet,Deaths Sylhet,Death Rate Sylhet,Confirmed Cases Allover Bangladesh,Case Rate Allover Bangladesh,Deaths Allover Bangladesh,Death Rate Allover Bangladesh
2020-03-06,1.0,7.0,0.0,,0.0,,0.0,,3.0,18.0,0.0,,0.0,,0.0,,0.0,,0.0,,0.0,,0.0,,0.0,,0.0,,0.0,,0.0,,0.0,,0.0,
2020-03-08,1.0,13.0,0.0,,1.0,41.042423157534394,0.0,,55.0,40.0,0.0,,0.0,,0.0,,0.0,,0.0,,1.0,50.0,0.0,,0.0,,0.0,,0.0,,0.0,,0.0,,0.0,
2020-03-09,0.0,13.631578947368421,0.0,,2.0,33.0,0.0,,0.0,60.0,0.0,,0.0,,0.0,,0.0,,0.0,,0.0,52.5,0.0,,0.0,,0.0,,0.0,,0.0,,0.0,,0.0,
2020-03-18,0.0,14.263157894736842,1.0,13.43942160567067,0.0,31.470588235294116,1.0,13.43942160567067,0.0,73.70887718260873,1.0,13.43942160567067,0.0,,1.0,13.43942160567067,0.0,,1.0,13.43942160567067,0.0,55.0,1.0,13.43942160567067,0.0,,1.0,13.43942160567067,0.0,,1.0,13.43942160567067,0.0,,1.0,13.43942160567067
2020-03-19,0.0,14.894736842105264,0.0,13.43942160567067,0.0,29.941176470588236,0.0,13.43942160567067,1.0,73.70887718260873,0.0,13.43942160567067,0.0,,0.0,13.43942160567067,0.0,,0.0,13.43942160567067,0.0,57.5,0.0,13.43942160567067,0.0,,0.0,13.43942160567067,0.0,,0.0,13.43942160567067,0.0,,0.0,13.43942160567067
2020-03-20,0.0,15.526315789473685,0.0,13.43942160567067,0.0,28.411764705882355,0.0,13.43942160567067,1.0,73.70887718260873,0.0,13.43942160567067,0.0,,0.0,13.43942160567067,0.0,,0.0,13.43942160567067,0.0,60.0,0.0,13.43942160567067,0.0,,0.0,13.43942160567067,0.0,,0.0,13.43942160567067,0.0,,0.0,13.43942160567067
2020-03-21,0.0,16.157894736842106,1.0,13.43942160567067,0.0,26.88235294117647,1.0,13.43942160567067,0.0,73.70887718260873,1.0,13.43942160567067,0.0,,1.0,13.43942160567067,0.0,,1.0,13.43942160567067,0.0,62.5,1.0,13.43942160567067,0.0,,1.0,13.43942160567067,0.0,,1.0,13.43942160567067,0.0,,1.0,13.43942160567067
2020-03-22,0.0,16.789473684210527,0.0,13.43942160567067,0.0,25.352941176470587,0.0,13.43942160567067,1.0,73.70887718260873,0.0,13.43942160567067,0.0,,0.0,13.43942160567067,0.0,,0.0,13.43942160567067,0.0,65.0,0.0,13.43942160567067,0.0,,0.0,13.43942160567067,0.0,,0.0,13.43942160567067,0.0,,0.0,13.43942160567067
2020-03-23,0.0,17.421052631578945,1.0,13.43942160567067,0.0,23.823529411764707,1.0,13.43942160567067,0.0,73.70887718260873,1.0,13.43942160567067,0.0,,1.0,13.43942160567067,0.0,,1.0,13.43942160567067,0.0,67.5,1.0,13.43942160567067,0.0,,1.0,13.43942160567067,0.0,,1.0,13.43942160567067,0.0,,1.0,13.43942160567067
2020-03-24,0.0,18.05263157894737,1.0,13.43942160567067,0.0,22.294117647058826,1.0,13.43942160567067,0.0,73.70887718260873,1.0,13.43942160567067,0.0,,1.0,13.43942160567067,0.0,,1.0,13.43942160567067,0.0,70.0,1.0,13.43942160567067,0.0,,1.0,13.43942160567067,0.0,,1.0,13.43942160567067,0.0,,1.0,13.43942160567067
2020-03-25,0.0,18.684210526315788,1.0,0.0,0.0,20.764705882352942,1.0,0.0,1.0,73.70887718260873,1.0,0.0,0.0,,1.0,0.0,0.0,,1.0,0.0,0.0,72.5,1.0,0.0,0.0,,1.0,0.0,0.0,,1.0,0.0,0.0,,1.0,0.0
2020-03-26,0.0,19.315789473684212,0.0,8.325,0.0,19.235294117647058,0.0,8.325,1.0,73.70887718260873,0.0,8.325,0.0,,0.0,8.325,0.0,,0.0,8.325,0.0,75.0,0.0,8.325,0.0,,0.0,8.325,0.0,,0.0,8.325,0.0,,0.0,8.325
2020-03-27,0.0,19.94736842105263,0.0,13.43942160567067,0.0,17.705882352941178,0.0,13.43942160567067,1.0,73.70887718260873,0.0,13.43942160567067,0.0,,0.0,13.43942160567067,0.0,,0.0,13.43942160567067,0.0,77.5,0.0,13.43942160567067,1.0,77.49629080239174,0.0,13.43942160567067,0.0,,0.0,13.43942160567067,0.0,,0.0,13.43942160567067
2020-03-31,0.0,20.57894736842105,0.0,13.43942160567067,0.0,16.176470588235297,0.0,13.43942160567067,1.0,73.70887718260873,0.0,13.43942160567067,0.0,,0.0,13.43942160567067,0.0,,0.0,13.43942160567067,0.0,80.0,0.0,13.43942160567067,0.0,77.49629080239174,0.0,13.43942160567067,0.0,,0.0,13.43942160567067,0.0,,0.0,13.43942160567067
2020-04-01,0.0,21.210526315789473,1.0,13.43942160567067,0.0,14.647058823529413,1.0,13.43942160567067,0.0,72.33333333333333,1.0,13.43942160567067,0.0,,1.0,13.43942160567067,0.0,,1.0,13.43942160567067,0.0,80.50110559855923,1.0,13.43942160567067,0.0,55.333333333333336,1.0,13.43942160567067,1.0,59.58942598937163,1.0,13.43942160567067,0.0,,1.0,13.43942160567067
2020-04-03,0.0,21.842105263157894,0.0,13.43942160567067,0.0,13.117647058823529,0.0,13.43942160567067,0.0,44.666666666666664,0.0,13.43942160567067,0.0,,0.0,13.43942160567067,0.0,,0.0,13.43942160567067,0.0,80.50110559855923,0.0,13.43942160567067,1.0,33.0,0.0,13.43942160567067,0.0,58.5,0.0,13.43942160567067,5.0,2.0,0.0,13.43942160567067
2020-04-04,0.0,22.473684210526315,2.0,13.43942160567067,0.0,11.588235294117649,2.0,13.43942160567067,17.0,17.0,2.0,13.43942160567067,0.0,,2.0,13.43942160567067,0.0,,2.0,13.43942160567067,0.0,80.50110559855923,2.0,13.43942160567067,0.0,28.0,2.0,13.43942160567067,1.0,17.0,2.0,13.43942160567067,9.0,2.0,2.0,13.43942160567067
2020-04-05,0.0,23.105263157894736,1.0,5.6,0.0,10.058823529411768,1.0,5.6,14.0,54.0,1.0,5.6,0.0,,1.0,5.6,3.0,16.0,1.0,5.6,0.0,80.50110559855923,1.0,5.6,0.0,23.0,1.0,5.6,2.0,59.58942598937163,1.0,5.6,18.0,5.0,1.0,5.6
2020-04-06,0.0,23.736842105263158,3.0,8.6,0.0,8.529411764705884,3.0,8.6,22.0,37.0,3.0,8.6,0.0,,3.0,8.6,0.0,13.666666666666666,3.0,8.6,0.0,80.50110559855923,3.0,8.6,2.0,18.0,3.0,8.6,0.0,59.58942598937163,3.0,8.6,35.0,7.0,3.0,8.6
2020-04-07,0.0,24.36842105263158,5.0,12.2,2.0,7.0,5.0,12.2,36.0,73.70887718260873,5.0,12.2,0.0,,5.0,12.2,0.0,11.333333333333332,5.0,12.2,0.0,80.50110559855923,5.0,12.2,4.0,50.0,5.0,12.2,0.0,35.33333333333333,5.0,12.2,41.0,6.0,5.0,12.2
2020-04-08,1.0,25.0,3.0,5.6,6.0,23.0,3.0,5.6,110.0,50.0,3.0,5.6,0.0,,3.0,5.6,3.0,9.0,3.0,5.6,0.0,80.50110559855923,3.0,5.6,1.0,13.0,3.0,5.6,1.0,3.0,3.0,5.6,54.0,6.0,3.0,5.6
2020-04-09,0.0,21.0,1.0,0.9,4.0,12.0,1.0,0.9,98.0,61.0,1.0,0.9,0.0,,1.0,0.9,4.0,8.0,1.0,0.9,3.0,80.50110559855923,1.0,0.9,2.0,20.0,1.0,0.9,2.0,2.0,1.0,0.9,112.0,12.0,1.0,0.9
2020-04-10,0.0,17.0,6.0,6.4,9.0,25.0,6.0,6.4,55.0,73.70887718260873,6.0,6.4,2.0,9.0,6.0,6.4,3.0,7.0,6.0,6.4,1.0,80.50110559855923,6.0,6.4,1.0,14.0,6.0,6.4,1.0,1.0,6.0,6.4,94.0,8.0,6.0,6.4
2020-04-11,2.0,13.0,3.0,5.2,6.0,41.042423157534394,3.0,5.2,34.0,69.0,3.0,5.2,1.0,3.0,3.0,5.2,3.0,75.0,3.0,5.2,0.0,80.50110559855923,3.0,5.2,7.0,58.0,3.0,5.2,0.0,4.5,3.0,5.2,58.0,6.0,3.0,5.2
2020-04-12,8.0,35.0,4.0,2.9,3.0,9.0,4.0,2.9,84.0,41.0,4.0,2.9,4.0,9.0,4.0,2.9,13.0,24.0,4.0,2.9,3.0,75.0,4.0,2.9,3.0,20.0,4.0,2.9,7.0,8.0,4.0,2.9,139.0,10.0,4.0,2.9
2020-04-13,8.0,46.52130711819969,5.0,2.7,8.0,36.0,5.0,2.7,129.0,25.0,5.0,2.7,5.0,21.0,5.0,2.7,15.0,21.0,5.0,2.7,8.0,73.0,5.0,2.7,4.0,50.0,5.0,2.7,1.0,1.0,5.0,2.7,182.0,12.0,5.0,2.7
2020-04-14,4.0,44.0,7.0,3.3,6.0,17.0,7.0,3.3,129.0,40.0,7.0,3.3,3.0,5.0,7.0,3.3,19.0,16.0,7.0,3.3,1.0,50.0,7.0,3.3,13.0,38.0,7.0,3.3,6.0,7.0,7.0,3.3,209.0,11.0,7.0,3.3
2020-04-15,4.0,13.0,4.0,1.8,6.0,29.0,4.0,1.8,187.0,28.0,4.0,1.8,0.0,3.0,4.0,1.8,23.0,16.0,4.0,1.8,0.0,41.5,4.0,1.8,3.0,43.0,4.0,1.8,3.0,5.0,4.0,1.8,219.0,13.0,4.0,1.8
2020-04-16,8.0,38.0,10.0,2.9,12.0,30.0,10.0,2.9,245.0,62.0,10.0,2.9,2.0,1.0,10.0,2.9,22.0,15.0,10.0,2.9,1.0,33.0,10.0,2.9,0.0,43.5,10.0,2.9,2.0,3.0,10.0,2.9,341.0,17.0,10.0,2.9
2020-04-17,8.0,40.0,15.0,5.6,8.0,18.0,15.0,5.6,250.0,33.0,15.0,5.6,1.0,1.0,15.0,5.6,24.0,15.0,15.0,5.6,3.0,80.50110559855923,15.0,5.6,8.0,44.0,15.0,5.6,4.0,5.0,15.0,5.6,266.0,12.0,15.0,5.6
2020-04-18,4.0,22.0,9.0,2.9,11.0,41.042423157534394,9.0,2.9,263.0,66.0,9.0,2.9,6.0,21.0,9.0,2.9,17.0,10.0,9.0,2.9,0.0,75.0,9.0,2.9,5.0,77.49629080239174,9.0,2.9,2.0,59.58942598937163,9.0,2.9,306.0,14.0,9.0,2.9
2020-04-19,6.0,46.52130711819969,7.0,2.2,8.0,14.0,7.0,2.2,344.0,61.0,7.0,2.2,6.0,70.22794669103666,7.0,2.2,23.0,32.0,7.0,2.2,1.0,50.0,7.0,2.2,3.0,77.49629080239174,7.0,2.2,3.0,59.58942598937163,7.0,2.2,312.0,12.0,7.0,2.2
2020-04-20,8.0,36.0,10.0,2.0,6.0,18.0,10.0,2.0,276.0,53.0,10.0,2.0,4.0,70.22794669103666,10.0,2.0,33.0,16.0,10.0,2.0,6.0,75.0,10.0,2.0,11.0,77.49629080239174,10.0,2.0,12.0,59.58942598937163,10.0,2.0,492.0,18.0,10.0,2.0
2020-04-21,8.0,27.0,9.0,2.1,7.0,41.042423157534394,9.0,2.1,282.0,47.0,9.0,2.1,7.0,70.22794669103666,9.0,2.1,37.0,29.0,9.0,2.1,3.0,80.50110559855923,9.0,2.1,5.0,63.0,9.0,2.1,10.0,59.58942598937163,9.0,2.1,434.0,15.0,9.0,2.1
2020-04-22,6.0,29.0,10.0,2.6,6.0,41.042423157534394,10.0,2.6,215.0,73.70887718260873,10.0,2.6,9.0,70.22794669103666,10.0,2.6,6.0,75.03399271580442,10.0,2.6,0.0,80.50110559855923,10.0,2.6,10.0,77.49629080239174,10.0,2.6,20.0,59.58942598937163,10.0,2.6,390.0,13.0,10.0,2.6
2020-04-23,8.0,33.0,7.0,1.7,8.0,13.0,7.0,1.7,157.0,69.0,7.0,1.7,4.0,70.22794669103666,7.0,1.7,8.0,75.03399271580442,7.0,1.7,2.0,67.0,7.0,1.7,10.0,71.0,7.0,1.7,20.0,59.58942598937163,7.0,1.7,414.0,12.0,7.0,1.7
2020-04-24,21.0,46.52130711819969,4.0,0.8,10.0,16.0,4.0,0.8,304.0,73.70887718260873,4.0,0.8,11.0,16.0,4.0,0.8,37.0,75.03399271580442,4.0,0.8,6.0,75.0,4.0,0.8,18.0,77.49629080239174,4.0,0.8,12.0,17.0,4.0,0.8,503.0,14.0,4.0,0.8
2020-04-25,7.0,29.0,9.0,2.9,3.0,6.0,9.0,2.9,183.0,61.0,9.0,2.9,2.0,3.0,9.0,2.9,12.0,75.03399271580442,9.0,2.9,41.0,11.0,9.0,2.9,6.0,17.0,9.0,2.9,10.0,16.0,9.0,2.9,309.0,9.0,9.0,2.9
2020-04-26,7.0,29.0,5.0,1.2,5.0,6.0,5.0,1.2,322.0,43.0,5.0,1.2,12.0,8.0,5.0,1.2,33.0,75.03399271580442,5.0,1.2,16.0,80.50110559855923,5.0,1.2,11.0,69.0,5.0,1.2,60.0,26.0,5.0,1.2,418.0,12.0,5.0,1.2
2020-04-27,9.0,15.0,7.0,1.4,22.0,28.0,7.0,1.4,277.0,66.0,7.0,1.4,2.0,6.0,7.0,1.4,30.0,75.03399271580442,7.0,1.4,6.0,12.0,7.0,1.4,25.0,77.49629080239174,7.0,1.4,35.0,40.0,7.0,1.4,497.0,13.0,7.0,1.4
2020-04-28,3.0,25.0,3.0,0.5,55.0,30.0,3.0,0.5,391.0,73.0,3.0,0.5,5.0,70.22794669103666,3.0,0.5,23.0,75.03399271580442,3.0,0.5,5.0,80.50110559855923,3.0,0.5,8.0,11.0,3.0,0.5,12.0,23.0,3.0,0.5,549.0,13.0,3.0,0.5
2020-04-29,10.0,30.0,8.0,1.2,43.0,38.0,8.0,1.2,505.0,46.0,8.0,1.2,5.0,26.0,8.0,1.2,24.0,26.0,8.0,1.2,4.0,5.0,8.0,1.2,4.0,77.49629080239174,8.0,1.2,4.0,15.0,8.0,1.2,641.0,13.0,8.0,1.2
2020-04-30,2.0,5.0,5.0,0.9,31.0,13.0,5.0,0.9,489.0,52.0,5.0,0.9,8.0,70.22794669103666,5.0,0.9,18.0,75.03399271580442,5.0,0.9,30.0,77.0,5.0,0.9,4.0,77.49629080239174,5.0,0.9,19.0,9.0,5.0,0.9,564.0,11.0,5.0,0.9
2020-05-01,2.0,3.0,2.0,0.4,12.0,7.0,2.0,0.4,445.0,55.0,2.0,0.4,3.0,70.22794669103666,2.0,0.4,8.0,75.03399271580442,2.0,0.4,2.0,80.50110559855923,2.0,0.4,2.0,77.49629080239174,2.0,0.4,13.0,18.0,2.0,0.4,571.0,10.0,2.0,0.4
2020-05-02,6.0,8.0,5.0,0.9,15.0,12.0,5.0,0.9,320.0,43.0,5.0,0.9,5.0,5.0,5.0,0.9,25.0,75.03399271580442,5.0,0.9,2.0,80.50110559855923,5.0,0.9,13.0,28.0,5.0,0.9,4.0,1.0,5.0,0.9,552.0,9.0,5.0,0.9
2020-05-03,7.0,6.0,2.0,0.3,16.0,4.0,2.0,0.3,297.0,29.0,2.0,0.3,1.0,1.0,2.0,0.3,23.0,75.03399271580442,2.0,0.3,1.0,4.0,2.0,0.3,2.0,50.0,2.0,0.3,4.0,59.58942598937163,2.0,0.3,665.0,12.0,2.0,0.3
2020-05-04,7.0,8.0,5.0,0.7,6.0,5.0,5.0,0.7,315.0,28.0,5.0,0.7,2.0,1.0,5.0,0.7,3.0,60.0,5.0,0.7,2.0,4.0,5.0,0.7,4.0,67.0,5.0,0.7,3.0,5.0,5.0,0.7,688.0,11.0,5.0,0.7
2020-05-05,5.0,3.0,1.0,0.1,27.0,13.0,1.0,0.1,294.0,26.0,1.0,0.1,9.0,8.0,1.0,0.1,37.0,75.03399271580442,1.0,0.1,13.0,4.0,1.0,0.1,16.0,77.49629080239174,1.0,0.1,10.0,53.0,1.0,0.1,786.0,14.0,1.0,0.1
2020-05-06,4.0,3.0,3.0,0.4,17.0,8.0,3.0,0.4,275.0,21.0,3.0,0.4,1.0,2.0,3.0,0.4,6.0,43.0,3.0,0.4,1.0,3.0,3.0,0.4,4.0,77.49629080239174,3.0,0.4,2.0,1.0,3.0,0.4,790.0,13.0,3.0,0.4
2020-05-07,0.0,13.0,13.0,1.8,13.0,4.0,13.0,1.8,240.0,22.0,13.0,1.8,1.0,5.0,13.0,1.8,25.0,13.0,13.0,1.8,37.0,5.0,13.0,1.8,11.0,77.49629080239174,13.0,1.8,3.0,2.0,13.0,1.8,706.0,12.0,13.0,1.8
2020-05-08,12.0,23.0,7.0,1.0,3.0,2.0,7.0,1.0,396.0,37.0,7.0,1.0,1.0,1.0,7.0,1.0,14.0,75.03399271580442,7.0,1.0,5.0,4.0,7.0,1.0,8.0,11.0,7.0,1.0,8.0,15.0,7.0,1.0,709.0,12.0,7.0,1.0
2020-05-09,4.0,6.0,8.0,1.3,10.0,10.0,8.0,1.3,269.0,42.0,8.0,1.3,1.0,2.0,8.0,1.3,21.0,75.03399271580442,8.0,1.3,22.0,13.0,8.0,1.3,3.0,27.0,8.0,1.3,7.0,1.0,8.0,1.3,636.0,12.0,8.0,1.3
2020-05-10,7.0,9.0,14.0,1.6,0.0,13.5,14.0,1.6,208.0,17.0,14.0,1.6,1.0,4.0,14.0,1.6,13.0,68.0,14.0,1.6,30.0,16.0,14.0,1.6,3.0,77.49629080239174,14.0,1.6,16.0,4.0,14.0,1.6,887.0,16.0,14.0,1.6
2020-05-11,3.0,30.0,11.0,1.1,1.0,17.0,11.0,1.1,222.0,30.0,11.0,1.1,0.0,18.0,11.0,1.1,25.0,75.03399271580442,11.0,1.1,2.0,2.0,11.0,1.1,0.0,77.49629080239174,11.0,1.1,3.0,17.0,11.0,1.1,1034.0,14.0,11.0,1.1
2020-05-12,6.0,7.0,11.0,1.1,27.0,9.0,11.0,1.1,84.0,15.0,11.0,1.1,12.0,32.0,11.0,1.1,6.0,75.03399271580442,11.0,1.1,1.0,4.0,11.0,1.1,0.0,77.49629080239174,11.0,1.1,12.0,6.0,11.0,1.1,969.0,14.0,11.0,1.1
2020-05-13,0.0,6.5,19.0,1.6,3.0,4.0,19.0,1.6,122.0,15.0,19.0,1.6,0.0,32.5,19.0,1.6,19.0,75.03399271580442,19.0,1.6,0.0,3.5,19.0,1.6,1.0,77.49629080239174,19.0,1.6,8.0,50.0,19.0,1.6,1162.0,15.0,19.0,1.6
2020-05-14,0.0,6.0,14.0,1.3,4.0,5.0,14.0,1.3,145.0,22.0,14.0,1.3,1.0,33.0,14.0,1.3,22.0,75.03399271580442,14.0,1.3,2.0,3.0,14.0,1.3,0.0,56.5,14.0,1.3,0.0,28.5,14.0,1.3,1041.0,14.0,14.0,1.3
2020-05-15,0.0,5.5,15.0,1.2,11.0,11.0,15.0,1.2,69.0,15.0,15.0,1.2,1.0,70.22794669103666,15.0,1.2,11.0,75.03399271580442,15.0,1.2,0.0,5.5,15.0,1.2,54.0,13.0,15.0,1.2,15.0,7.0,15.0,1.2,1202.0,14.0,15.0,1.2
2020-05-16,14.0,5.0,16.0,1.7,35.0,12.0,16.0,1.7,296.0,23.0,16.0,1.7,10.0,26.0,16.0,1.7,32.0,75.03399271580442,16.0,1.7,16.0,8.0,16.0,1.7,11.0,4.0,16.0,1.7,27.0,5.0,16.0,1.7,930.0,14.0,16.0,1.7
2020-05-17,15.0,5.0,14.0,1.1,58.0,11.0,14.0,1.1,163.0,14.0,14.0,1.1,6.0,8.0,14.0,1.1,86.0,16.0,14.0,1.1,6.0,3.0,14.0,1.1,5.0,5.0,14.0,1.1,16.0,9.0,14.0,1.1,1273.0,16.0,14.0,1.1
2020-05-18,10.0,13.0,21.0,1.3,70.0,16.0,21.0,1.3,277.0,27.0,21.0,1.3,4.0,6.0,21.0,1.3,26.0,4.0,21.0,1.3,19.0,6.0,21.0,1.3,9.0,9.0,21.0,1.3,10.0,11.0,21.0,1.3,1602.0,16.0,21.0,1.3
2020-05-19,30.0,17.0,21.0,1.7,69.0,19.0,21.0,1.7,382.0,16.0,21.0,1.7,0.0,5.0,21.0,1.7,31.0,10.0,21.0,1.7,10.0,5.0,21.0,1.7,9.0,8.0,21.0,1.7,25.0,8.0,21.0,1.7,1251.0,15.0,21.0,1.7
2020-05-20,3.0,2.0,16.0,1.0,97.0,20.0,16.0,1.0,263.0,27.0,16.0,1.0,7.0,4.0,16.0,1.0,65.0,18.0,16.0,1.0,45.0,9.0,16.0,1.0,21.0,9.0,16.0,1.0,32.0,9.0,16.0,1.0,1617.0,16.0,16.0,1.0
2020-05-21,24.0,10.0,22.0,1.2,78.0,16.0,22.0,1.2,483.0,29.0,22.0,1.2,9.0,6.0,22.0,1.2,37.0,10.0,22.0,1.2,1.0,20.0,22.0,1.2,1.0,17.0,22.0,1.2,13.0,6.0,22.0,1.2,1773.0,17.0,22.0,1.2
2020-05-22,14.0,12.0,24.0,1.4,80.0,15.0,24.0,1.4,264.0,24.0,24.0,1.4,11.0,6.0,24.0,1.4,32.0,75.03399271580442,24.0,1.4,42.0,11.0,24.0,1.4,0.0,13.0,24.0,1.4,41.0,20.0,24.0,1.4,1694.0,17.0,24.0,1.4
2020-05-23,10.0,3.0,20.0,1.1,113.0,18.0,20.0,1.1,368.0,23.0,20.0,1.1,13.0,4.0,20.0,1.1,23.0,7.0,20.0,1.1,34.0,18.0,20.0,1.1,17.0,9.0,20.0,1.1,17.0,8.0,20.0,1.1,1873.0,17.0,20.0,1.1
2020-05-24,34.0,17.0,28.0,1.8,108.0,30.0,28.0,1.8,604.0,24.0,28.0,1.8,7.0,4.0,28.0,1.8,34.0,11.0,28.0,1.8,12.0,8.0,28.0,1.8,26.0,15.0,28.0,1.8,35.0,8.0,28.0,1.8,1532.0,17.0,28.0,1.8
2020-05-25,21.0,22.0,21.0,1.1,53.0,20.0,21.0,1.1,239.0,20.0,21.0,1.1,1.0,70.22794669103666,21.0,1.1,3.0,1.0,21.0,1.1,9.0,9.0,21.0,1.1,16.0,10.0,21.0,1.1,21.0,10.0,21.0,1.1,1975.0,21.0,21.0,1.1
2020-05-26,17.0,9.0,21.0,1.8,104.0,10.0,21.0,1.8,287.0,25.0,21.0,1.8,9.0,3.0,21.0,1.8,17.0,6.0,21.0,1.8,18.0,10.0,21.0,1.8,33.0,10.0,21.0,1.8,18.0,10.0,21.0,1.8,1166.0,22.0,21.0,1.8
2020-05-27,20.0,6.0,22.0,1.4,159.0,19.0,22.0,1.4,329.0,25.0,22.0,1.4,16.0,8.0,22.0,1.4,17.0,5.0,22.0,1.4,49.0,27.0,22.0,1.4,40.0,15.0,22.0,1.4,45.0,25.0,22.0,1.4,1541.0,19.0,22.0,1.4
2020-05-28,11.0,10.0,15.0,0.7,127.0,28.0,15.0,0.7,666.0,32.0,15.0,0.7,29.0,9.0,15.0,0.7,41.0,75.03399271580442,15.0,0.7,37.0,20.0,15.0,0.7,27.0,15.0,15.0,0.7,48.0,28.0,15.0,0.7,2029.0,22.0,15.0,0.7
2020-05-29,54.0,14.0,23.0,0.9,194.0,17.0,23.0,0.9,500.0,23.0,23.0,0.9,24.0,9.0,23.0,0.9,26.0,75.03399271580442,23.0,0.9,45.0,16.0,23.0,0.9,52.0,17.0,23.0,0.9,26.0,15.0,23.0,0.9,2523.0,22.0,23.0,0.9
2020-05-30,54.0,19.0,28.0,1.6,74.0,17.0,28.0,1.6,510.0,16.0,28.0,1.6,21.0,9.0,28.0,1.6,50.0,17.0,28.0,1.6,67.0,12.0,28.0,1.6,79.0,10.0,28.0,1.6,100.0,18.0,28.0,1.6,1764.0,18.0,28.0,1.6
2020-05-31,68.0,21.0,40.0,1.6,100.0,19.0,40.0,1.6,528.0,22.0,40.0,1.6,36.0,9.0,40.0,1.6,51.0,13.0,40.0,1.6,30.0,20.0,40.0,1.6,29.0,8.0,40.0,1.6,20.0,10.0,40.0,1.6,2545.0,21.0,40.0,1.6
2020-06-01,63.0,14.0,22.0,0.9,180.0,24.0,22.0,0.9,457.0,22.0,22.0,0.9,21.0,7.0,22.0,0.9,93.0,25.0,22.0,0.9,38.0,19.0,22.0,0.9,48.0,14.0,22.0,0.9,48.0,27.0,22.0,0.9,2381.0,21.0,22.0,0.9
2020-06-02,57.0,16.0,37.0,1.3,383.0,24.0,37.0,1.3,690.0,23.0,37.0,1.3,42.0,10.0,37.0,1.3,43.0,14.0,37.0,1.3,89.0,14.0,37.0,1.3,41.0,12.0,37.0,1.3,40.0,9.0,37.0,1.3,2911.0,23.0,37.0,1.3
2020-06-03,66.0,11.0,37.0,1.4,227.0,22.0,37.0,1.4,576.0,19.0,37.0,1.4,39.0,10.0,37.0,1.4,0.0,11.5,37.0,1.4,35.0,11.0,37.0,1.4,42.0,11.0,37.0,1.4,69.0,27.0,37.0,1.4,2695.0,22.0,37.0,1.4
2020-06-04,94.0,14.0,35.0,1.4,336.0,24.0,35.0,1.4,718.0,22.0,35.0,1.4,41.0,11.0,35.0,1.4,48.0,9.0,35.0,1.4,58.0,23.0,35.0,1.4,29.0,8.0,35.0,1.4,79.0,21.0,35.0,1.4,2423.0,19.0,35.0,1.4
2020-06-05,59.0,13.0,30.0,1.1,366.0,23.0,30.0,1.1,675.0,22.0,30.0,1.1,32.0,9.0,30.0,1.1,71.0,13.0,30.0,1.1,86.0,16.0,30.0,1.1,28.0,8.0,30.0,1.1,51.0,26.0,30.0,1.1,2828.0,20.0,30.0,1.1
2020-06-06,82.0,16.0,35.0,1.3,311.0,24.0,35.0,1.3,516.0,22.0,35.0,1.3,48.0,14.0,35.0,1.3,71.0,10.0,35.0,1.3,95.0,24.0,35.0,1.3,47.0,13.0,35.0,1.3,68.0,37.0,35.0,1.3,2635.0,21.0,35.0,1.3
2020-06-07,1.0,9.0,42.0,1.5,187.0,20.0,42.0,1.5,595.0,24.0,42.0,1.5,74.0,14.0,42.0,1.5,66.0,9.0,42.0,1.5,68.0,22.0,42.0,1.5,36.0,10.0,42.0,1.5,38.0,19.0,42.0,1.5,2743.0,21.0,42.0,1.5
2020-06-08,96.0,42.0,42.0,1.5,422.0,22.0,42.0,1.5,652.0,24.0,42.0,1.5,98.0,18.0,42.0,1.5,28.0,5.0,42.0,1.5,100.0,26.0,42.0,1.5,49.0,13.0,42.0,1.5,61.0,32.0,42.0,1.5,2735.0,21.0,42.0,1.5
2020-06-09,47.0,25.0,45.0,1.4,385.0,22.0,45.0,1.4,480.0,20.0,45.0,1.4,60.0,8.0,45.0,1.4,96.0,14.0,45.0,1.4,57.0,22.0,45.0,1.4,94.0,23.0,45.0,1.4,51.0,43.0,45.0,1.4,3171.0,22.0,45.0,1.4
2020-06-10,82.0,38.0,37.0,1.2,359.0,26.0,37.0,1.2,754.0,20.0,37.0,1.2,108.0,13.0,37.0,1.2,45.0,6.0,37.0,1.2,148.0,21.0,37.0,1.2,49.0,13.0,37.0,1.2,63.0,52.0,37.0,1.2,3190.0,20.0,37.0,1.2
2020-06-11,74.0,36.0,37.0,1.2,419.0,25.0,37.0,1.2,748.0,21.0,37.0,1.2,91.0,14.0,37.0,1.2,60.0,8.0,37.0,1.2,112.0,40.0,37.0,1.2,67.0,18.0,37.0,1.2,93.0,16.0,37.0,1.2,3187.0,20.0,37.0,1.2
2020-06-12,123.0,22.0,46.0,1.3,256.0,28.0,46.0,1.3,1001.0,23.0,46.0,1.3,114.0,14.0,46.0,1.3,86.0,12.0,46.0,1.3,77.0,25.0,46.0,1.3,58.0,12.0,46.0,1.3,129.0,26.0,46.0,1.3,3471.0,22.0,46.0,1.3
2020-06-13,91.0,16.0,44.0,1.5,419.0,26.0,44.0,1.5,937.0,25.0,44.0,1.5,127.0,21.0,44.0,1.5,34.0,10.0,44.0,1.5,165.0,26.0,44.0,1.5,64.0,16.0,44.0,1.5,3.0,13.0,44.0,1.5,2856.0,17.0,44.0,1.5
2020-06-14,93.0,32.0,32.0,1.0,364.0,26.0,32.0,1.0,694.0,24.0,32.0,1.0,74.0,12.0,32.0,1.0,54.0,9.0,32.0,1.0,240.0,51.0,32.0,1.0,53.0,14.0,32.0,1.0,8.0,53.0,32.0,1.0,3141.0,22.0,32.0,1.0
2020-06-15,142.0,19.0,38.0,1.2,428.0,29.0,38.0,1.2,777.0,23.0,38.0,1.2,137.0,19.0,38.0,1.2,21.0,18.0,38.0,1.2,133.0,33.0,38.0,1.2,61.0,16.0,38.0,1.2,70.0,23.0,38.0,1.2,3099.0,21.0,38.0,1.2
2020-06-16,92.0,22.0,53.0,1.4,553.0,31.0,53.0,1.4,1243.0,28.0,53.0,1.4,117.0,18.0,53.0,1.4,14.0,2.0,53.0,1.4,107.0,38.0,53.0,1.4,48.0,13.0,53.0,1.4,45.0,23.0,53.0,1.4,3862.0,22.0,53.0,1.4
2020-06-17,98.0,42.0,43.0,1.1,640.0,24.0,43.0,1.1,1095.0,24.0,43.0,1.1,190.0,26.0,43.0,1.1,4.0,29.0,43.0,1.1,191.0,34.0,43.0,1.1,62.0,16.0,43.0,1.1,84.0,31.0,43.0,1.1,4008.0,23.0,43.0,1.1
2020-06-18,81.0,33.0,38.0,1.0,363.0,24.0,38.0,1.0,1112.0,29.0,38.0,1.0,159.0,24.0,38.0,1.0,7.0,24.0,38.0,1.0,157.0,30.0,38.0,1.0,52.0,14.0,38.0,1.0,57.0,20.0,38.0,1.0,3803.0,23.0,38.0,1.0
2020-06-19,72.0,35.0,45.0,1.4,485.0,29.0,45.0,1.4,1094.0,29.0,45.0,1.4,178.0,30.0,45.0,1.4,3.0,2.0,45.0,1.4,96.0,21.0,45.0,1.4,58.0,15.0,45.0,1.4,119.0,47.0,45.0,1.4,3243.0,22.0,45.0,1.4
2020-06-20,93.0,46.52130711819969,37.0,1.1,491.0,37.0,37.0,1.1,1269.0,32.0,37.0,1.1,255.0,29.0,37.0,1.1,96.0,24.0,37.0,1.1,222.0,35.0,37.0,1.1,45.0,11.0,37.0,1.1,37.0,18.0,37.0,1.1,3240.0,23.0,37.0,1.1
2020-06-21,85.0,37.0,39.0,1.1,564.0,29.0,39.0,1.1,1091.0,29.0,39.0,1.1,230.0,38.0,39.0,1.1,96.0,25.0,39.0,1.1,167.0,18.0,39.0,1.1,60.0,15.0,39.0,1.1,158.0,35.0,39.0,1.1,3531.0,23.0,39.0,1.1
2020-06-22,102.0,34.0,38.0,1.1,707.0,26.0,38.0,1.1,1342.0,30.0,38.0,1.1,180.0,40.0,38.0,1.1,96.0,19.0,38.0,1.1,240.0,23.0,38.0,1.1,35.0,15.0,38.0,1.1,94.0,21.0,38.0,1.1,3480.0,22.0,38.0,1.1
2020-06-23,64.0,27.0,43.0,1.3,675.0,28.0,43.0,1.3,1293.0,26.0,43.0,1.3,235.0,29.0,43.0,1.3,96.0,19.0,43.0,1.3,197.0,22.0,43.0,1.3,23.0,33.0,43.0,1.3,63.0,24.0,43.0,1.3,3412.0,21.0,43.0,1.3
2020-06-24,99.0,29.0,37.0,1.1,633.0,25.0,37.0,1.1,1160.0,28.0,37.0,1.1,295.0,32.0,37.0,1.1,96.0,16.0,37.0,1.1,177.0,47.0,37.0,1.1,49.0,54.0,37.0,1.1,107.0,45.0,37.0,1.1,3462.0,21.0,37.0,1.1
2020-06-25,78.0,30.0,39.0,1.0,680.0,25.0,39.0,1.0,1456.0,27.0,39.0,1.0,202.0,31.0,39.0,1.0,40.0,7.0,39.0,1.0,335.0,20.0,39.0,1.0,73.0,42.0,39.0,1.0,133.0,24.0,39.0,1.0,3946.0,22.0,39.0,1.0
2020-06-26,127.0,19.0,40.0,1.0,555.0,26.0,40.0,1.0,1013.0,27.0,40.0,1.0,248.0,29.0,40.0,1.0,39.0,12.0,40.0,1.0,217.0,20.0,40.0,1.0,50.0,22.0,40.0,1.0,157.0,27.0,40.0,1.0,3868.0,21.0,40.0,1.0
2020-06-27,108.0,24.0,34.0,1.0,359.0,23.0,34.0,1.0,1641.0,32.0,34.0,1.0,263.0,33.0,34.0,1.0,73.0,6.0,34.0,1.0,238.0,28.0,34.0,1.0,62.0,29.0,34.0,1.0,188.0,32.0,34.0,1.0,3504.0,23.0,34.0,1.0
2020-06-28,119.0,23.0,43.0,1.1,515.0,26.0,43.0,1.1,1523.0,28.0,43.0,1.1,168.0,36.0,43.0,1.1,96.0,22.0,43.0,1.1,257.0,26.0,43.0,1.1,80.0,31.0,43.0,1.1,97.0,18.0,43.0,1.1,3809.0,21.0,43.0,1.1
2020-06-29,126.0,26.0,45.0,1.1,471.0,22.0,45.0,1.1,1640.0,28.0,45.0,1.1,199.0,33.0,45.0,1.1,89.0,9.0,45.0,1.1,213.0,22.0,45.0,1.1,70.0,26.0,45.0,1.1,188.0,27.0,45.0,1.1,4014.0,23.0,45.0,1.1
2020-06-30,103.0,21.0,64.0,1.7,493.0,28.0,64.0,1.7,1345.0,25.0,64.0,1.7,291.0,36.0,64.0,1.7,47.0,7.0,64.0,1.7,404.0,19.0,64.0,1.7,64.0,14.0,64.0,1.7,188.0,19.0,64.0,1.7,3682.0,20.0,64.0,1.7
2020-07-01,72.0,26.0,41.0,1.1,611.0,31.0,41.0,1.1,1365.0,23.0,41.0,1.1,272.0,38.0,41.0,1.1,96.0,18.0,41.0,1.1,324.0,20.0,41.0,1.1,161.75,18.0,41.0,1.1,179.0,26.0,41.0,1.1,3775.0,21.0,41.0,1.1
2020-07-02,88.0,18.0,38.0,0.9,496.0,23.0,38.0,0.9,1071.0,25.0,38.0,0.9,393.5,65.0,38.0,0.9,48.0,9.0,38.0,0.9,247.0,24.0,38.0,0.9,136.0,17.0,38.0,0.9,114.0,26.0,38.0,0.9,4019.0,22.0,38.0,0.9
2020-07-03,114.0,20.0,42.0,1.3,386.0,21.0,42.0,1.3,1110.0,27.0,42.0,1.3,325.0,31.0,42.0,1.3,96.0,21.0,42.0,1.3,180.0,23.0,42.0,1.3,144.0,20.0,42.0,1.3,188.0,33.0,42.0,1.3,3114.0,21.0,42.0,1.3
2020-07-04,119.0,31.0,29.0,0.9,362.0,22.0,29.0,0.9,903.0,23.0,29.0,0.9,180.0,28.0,29.0,0.9,48.0,13.0,29.0,0.9,217.0,12.0,29.0,0.9,85.0,21.0,29.0,0.9,28.0,17.0,29.0,0.9,3288.0,22.0,29.0,0.9
2020-07-05,115.0,25.0,55.0,2.0,490.0,24.0,55.0,2.0,1089.0,24.0,55.0,2.0,175.0,27.0,55.0,2.0,45.0,16.0,55.0,2.0,242.0,21.0,55.0,2.0,103.0,23.0,55.0,2.0,99.0,20.0,55.0,2.0,2738.0,20.0,55.0,2.0
2020-07-06,131.0,34.0,44.0,1.4,481.0,22.0,44.0,1.4,993.0,22.0,44.0,1.4,230.0,37.0,44.0,1.4,62.0,11.0,44.0,1.4,177.0,23.0,44.0,1.4,78.0,19.0,44.0,1.4,73.0,21.0,44.0,1.4,3201.0,22.0,44.0,1.4
2020-07-07,88.0,30.0,55.0,1.8,467.0,21.0,55.0,1.8,1179.0,23.0,55.0,1.8,392.0,25.0,55.0,1.8,58.0,14.0,55.0,1.8,144.0,24.0,55.0,1.8,82.0,23.0,55.0,1.8,162.0,23.0,55.0,1.8,3027.0,23.0,55.0,1.8
2020-07-08,116.0,27.0,46.0,1.3,394.0,21.0,46.0,1.3,1288.0,24.0,46.0,1.3,349.0,26.0,46.0,1.3,42.0,8.0,46.0,1.3,182.0,23.0,46.0,1.3,135.0,17.0,46.0,1.3,76.0,27.0,46.0,1.3,3489.0,22.0,46.0,1.3
2020-07-09,97.0,29.0,41.0,1.2,459.0,24.0,41.0,1.2,1051.0,25.0,41.0,1.2,288.0,33.0,41.0,1.2,69.0,12.0,41.0,1.2,271.0,18.0,41.0,1.2,117.0,30.0,41.0,1.2,148.0,23.0,41.0,1.2,3360.0,21.0,41.0,1.2
2020-07-10,101.0,30.0,37.0,1.3,311.0,19.0,37.0,1.3,946.0,25.0,37.0,1.3,227.0,34.0,37.0,1.3,57.0,14.0,37.0,1.3,165.0,28.0,37.0,1.3,90.0,24.0,37.0,1.3,44.0,25.0,37.0,1.3,2949.0,22.0,37.0,1.3
2020-07-11,116.0,31.0,30.0,1.1,297.0,29.0,30.0,1.1,986.0,26.0,30.0,1.1,229.0,36.0,30.0,1.1,39.0,14.0,30.0,1.1,218.0,28.0,30.0,1.1,113.0,29.0,30.0,1.1,78.0,20.0,30.0,1.1,2686.0,24.0,30.0,1.1
2020-07-12,85.0,25.0,47.0,1.8,426.0,22.0,47.0,1.8,1385.0,26.0,47.0,1.8,270.0,26.0,47.0,1.8,38.0,14.0,47.0,1.8,236.0,32.0,47.0,1.8,95.0,31.0,47.0,1.8,68.0,26.0,47.0,1.8,2666.0,24.0,47.0,1.8
2020-07-13,73.0,23.0,39.0,1.3,409.0,23.0,39.0,1.3,1344.0,24.0,39.0,1.3,329.0,39.0,39.0,1.3,70.0,15.0,39.0,1.3,304.0,26.0,39.0,1.3,87.0,22.0,39.0,1.3,67.0,17.0,39.0,1.3,3099.0,25.0,39.0,1.3
2020-07-14,125.0,27.0,33.0,1.0,581.0,26.0,33.0,1.0,1394.0,25.0,33.0,1.0,326.0,40.0,33.0,1.0,69.0,15.0,33.0,1.0,269.0,24.0,33.0,1.0,134.0,23.0,33.0,1.0,115.0,34.0,33.0,1.0,3163.0,24.0,33.0,1.0
2020-07-15,83.0,27.0,33.0,0.9,367.0,21.0,33.0,0.9,1230.0,23.0,33.0,0.9,241.0,30.0,33.0,0.9,56.0,13.0,33.0,0.9,198.0,21.0,33.0,0.9,128.0,32.0,33.0,0.9,182.0,39.0,33.0,0.9,3533.0,25.0,33.0,0.9
2020-07-16,139.0,31.0,39.0,1.4,459.0,23.0,39.0,1.4,1098.0,23.0,39.0,1.4,297.0,33.0,39.0,1.4,59.0,13.0,39.0,1.4,367.0,23.0,39.0,1.4,142.0,30.0,39.0,1.4,188.0,54.0,39.0,1.4,2733.0,21.0,39.0,1.4
2020-07-17,97.0,33.0,51.0,1.7,336.0,23.0,51.0,1.7,742.0,25.0,51.0,1.7,249.0,40.0,51.0,1.7,81.0,21.0,51.0,1.7,219.0,30.0,51.0,1.7,110.0,29.0,51.0,1.7,39.0,19.0,51.0,1.7,3034.0,23.0,51.0,1.7
2020-07-18,148.0,33.0,34.0,1.3,316.0,25.0,34.0,1.3,1157.0,26.0,34.0,1.3,235.0,38.0,34.0,1.3,29.0,11.0,34.0,1.3,204.0,19.0,34.0,1.3,130.0,34.0,34.0,1.3,9.0,3.0,34.0,1.3,2709.0,25.0,34.0,1.3
2020-07-19,91.0,30.0,37.0,1.5,378.0,21.0,37.0,1.5,1326.0,26.0,37.0,1.5,230.0,26.0,37.0,1.5,73.0,19.0,37.0,1.5,334.0,27.0,37.0,1.5,117.0,30.0,37.0,1.5,76.0,21.0,37.0,1.5,2459.0,23.0,37.0,1.5
2020-07-20,108.0,35.0,50.0,1.7,416.0,18.0,50.0,1.7,1388.0,25.0,50.0,1.7,286.0,38.0,50.0,1.7,67.0,16.0,50.0,1.7,310.0,26.0,50.0,1.7,89.0,21.0,50.0,1.7,93.0,14.0,50.0,1.7,2928.0,22.0,50.0,1.7
2020-07-21,91.0,25.0,41.0,1.3,310.0,19.0,41.0,1.3,1192.0,23.0,41.0,1.3,261.0,43.0,41.0,1.3,63.0,12.0,41.0,1.3,273.0,27.0,41.0,1.3,123.0,31.0,41.0,1.3,72.0,23.0,41.0,1.3,3057.0,24.0,41.0,1.3
2020-07-22,129.0,32.0,42.0,1.5,373.0,19.0,42.0,1.5,1377.0,25.0,42.0,1.5,280.0,29.0,42.0,1.5,28.0,8.0,42.0,1.5,272.0,27.0,42.0,1.5,126.0,33.0,42.0,1.5,63.0,28.0,42.0,1.5,2744.0,23.0,42.0,1.5
2020-07-23,84.0,20.0,50.0,1.8,382.0,20.0,50.0,1.8,929.0,20.0,50.0,1.8,192.0,31.0,50.0,1.8,59.0,15.0,50.0,1.8,366.0,27.0,50.0,1.8,121.0,29.0,50.0,1.8,112.0,21.0,50.0,1.8,2856.0,23.0,50.0,1.8
2020-07-24,92.0,28.0,35.0,1.4,391.0,24.0,35.0,1.4,994.0,25.0,35.0,1.4,264.0,28.0,35.0,1.4,47.0,13.0,35.0,1.4,287.0,26.0,35.0,1.4,112.0,27.0,35.0,1.4,97.0,20.0,35.0,1.4,2548.0,21.0,35.0,1.4
2020-07-25,51.0,14.0,38.0,1.5,422.0,23.0,38.0,1.5,1326.0,23.0,38.0,1.5,280.0,36.0,38.0,1.5,32.0,8.0,38.0,1.5,236.0,22.0,38.0,1.5,118.0,29.0,38.0,1.5,77.0,19.0,38.0,1.5,2520.0,24.0,38.0,1.5
2020-07-26,78.0,46.52130711819969,54.0,2.4,254.0,16.0,54.0,2.4,1126.0,24.0,54.0,2.4,224.0,41.0,54.0,2.4,25.0,32.0,54.0,2.4,258.0,24.0,54.0,2.4,158.0,24.0,54.0,2.4,152.0,20.0,54.0,2.4,2275.0,23.0,54.0,2.4
2020-07-27,112.0,33.0,37.0,1.3,326.0,19.0,37.0,1.3,1074.0,23.0,37.0,1.3,172.0,25.0,37.0,1.3,37.0,11.0,37.0,1.3,323.0,25.0,37.0,1.3,127.0,31.0,37.0,1.3,45.0,16.0,37.0,1.3,2772.0,22.0,37.0,1.3
2020-07-28,80.0,20.0,35.0,1.2,415.0,19.0,35.0,1.2,1345.0,24.0,35.0,1.2,287.0,34.0,35.0,1.2,47.0,12.0,35.0,1.2,348.0,22.0,35.0,1.2,134.0,32.0,35.0,1.2,77.0,18.0,35.0,1.2,2960.0,23.0,35.0,1.2
2020-07-29,110.0,31.0,35.0,1.2,381.0,20.0,35.0,1.2,1365.0,23.0,35.0,1.2,274.0,33.0,35.0,1.2,23.0,6.0,35.0,1.2,181.0,21.0,35.0,1.2,96.0,27.0,35.0,1.2,67.0,15.0,35.0,1.2,3009.0,21.0,35.0,1.2
2020-07-30,81.0,24.0,48.0,1.8,305.0,18.0,48.0,1.8,1304.0,26.0,48.0,1.8,215.0,36.0,48.0,1.8,65.0,16.0,48.0,1.8,270.0,23.0,48.0,1.8,104.0,28.0,48.0,1.8,82.0,15.0,48.0,1.8,2695.0,21.0,48.0,1.8
2020-07-31,81.0,25.0,28.0,1.0,279.0,18.0,28.0,1.0,835.0,26.0,28.0,1.0,244.0,32.0,28.0,1.0,33.0,16.0,28.0,1.0,270.0,26.0,28.0,1.0,92.0,31.0,28.0,1.0,90.0,20.0,28.0,1.0,2772.0,22.0,28.0,1.0
2020-08-01,23.0,15.0,21.0,1.0,66.0,17.0,21.0,1.0,251.0,22.0,21.0,1.0,230.0,56.0,21.0,1.0,26.0,17.0,21.0,1.0,112.0,27.0,21.0,1.0,51.0,24.0,21.0,1.0,76.0,23.0,21.0,1.0,2199.0,25.0,21.0,1.0
2020-08-02,11.0,24.0,22.0,2.5,89.0,20.0,22.0,2.5,719.0,33.0,22.0,2.5,149.0,39.0,22.0,2.5,21.0,21.0,22.0,2.5,156.0,39.0,22.0,2.5,105.0,36.0,22.0,2.5,70.0,24.0,22.0,2.5,886.0,24.0,22.0,2.5
2020-08-03,52.0,31.0,30.0,2.2,229.0,25.0,30.0,2.2,878.0,26.0,30.0,2.2,82.0,31.0,30.0,2.2,26.0,21.0,30.0,2.2,111.0,33.0,30.0,2.2,84.0,27.0,30.0,2.2,59.0,20.0,30.0,2.2,1356.0,32.0,30.0,2.2
2020-08-04,85.0,25.0,50.0,2.6,349.0,21.0,50.0,2.6,1173.0,24.0,50.0,2.6,179.0,34.0,50.0,2.6,61.0,15.0,50.0,2.6,160.0,30.0,50.0,2.6,149.0,38.0,50.0,2.6,77.0,21.0,50.0,2.6,1918.0,25.0,50.0,2.6
2020-08-05,45.0,16.0,33.0,1.2,463.0,18.0,33.0,1.2,1308.0,22.0,33.0,1.2,328.0,36.0,33.0,1.2,40.0,14.0,33.0,1.2,188.0,32.0,33.0,1.2,137.0,44.0,33.0,1.2,79.0,17.0,33.0,1.2,2654.0,24.0,33.0,1.2
2020-08-06,90.0,26.0,39.0,1.3,342.0,17.0,39.0,1.3,1266.0,21.0,39.0,1.3,324.0,37.0,39.0,1.3,81.0,17.0,39.0,1.3,340.0,28.0,39.0,1.3,116.0,40.0,39.0,1.3,113.0,21.0,39.0,1.3,2977.0,23.0,39.0,1.3
2020-08-07,79.0,22.0,27.0,0.9,321.0,17.0,27.0,0.9,993.0,24.0,27.0,0.9,325.0,42.0,27.0,0.9,73.0,19.0,27.0,0.9,219.0,23.0,27.0,0.9,158.0,34.0,27.0,0.9,94.0,19.0,27.0,0.9,2851.0,22.0,27.0,0.9
2020-08-08,43.0,18.0,32.0,1.2,341.0,25.0,32.0,1.2,1213.0,23.0,32.0,1.2,257.0,33.0,32.0,1.2,40.0,15.0,32.0,1.2,163.0,25.0,32.0,1.2,158.0,33.0,32.0,1.2,86.0,22.0,32.0,1.2,2611.0,22.0,32.0,1.2
2020-08-09,100.0,30.0,34.0,1.4,554.0,23.0,34.0,1.4,1457.0,22.0,34.0,1.4,327.0,41.0,34.0,1.4,71.0,18.0,34.0,1.4,193.0,25.0,34.0,1.4,146.0,29.0,34.0,1.4,26.0,11.0,34.0,1.4,2487.0,23.0,34.0,1.4
2020-08-10,92.0,25.0,39.0,1.3,381.0,18.0,39.0,1.3,1452.0,21.0,39.0,1.3,262.0,32.0,39.0,1.3,96.0,20.0,39.0,1.3,243.0,23.0,39.0,1.3,143.0,29.0,39.0,1.3,171.0,22.0,39.0,1.3,2907.0,23.0,39.0,1.3
2020-08-11,76.0,22.0,33.0,1.1,416.0,20.0,33.0,1.1,1317.0,22.0,33.0,1.1,305.0,36.0,33.0,1.1,71.0,15.0,33.0,1.1,284.0,15.0,33.0,1.1,98.0,26.0,33.0,1.1,149.0,24.0,33.0,1.1,2996.0,20.0,33.0,1.1
2020-08-12,78.0,23.0,42.0,1.4,300.0,15.0,42.0,1.4,1201.0,20.0,42.0,1.4,276.0,35.0,42.0,1.4,70.0,19.0,42.0,1.4,193.0,19.0,42.0,1.4,154.0,16.0,42.0,1.4,140.0,26.0,42.0,1.4,2995.0,20.0,42.0,1.4
2020-08-13,74.0,20.0,44.0,1.7,412.0,18.0,44.0,1.7,1286.0,19.0,44.0,1.7,186.0,31.0,44.0,1.7,81.0,20.0,44.0,1.7,244.0,22.0,44.0,1.7,154.0,34.0,44.0,1.7,120.0,21.0,44.0,1.7,2617.0,20.0,44.0,1.7
2020-08-14,85.0,25.0,34.0,1.2,281.0,13.0,34.0,1.2,995.0,26.0,34.0,1.2,251.0,30.0,34.0,1.2,68.0,19.0,34.0,1.2,247.0,23.0,34.0,1.2,152.0,33.0,34.0,1.2,56.0,12.0,34.0,1.2,2766.0,22.0,34.0,1.2
2020-08-15,45.0,21.0,34.0,1.3,237.0,18.0,34.0,1.3,923.0,22.0,34.0,1.3,193.0,31.0,34.0,1.3,22.0,11.0,34.0,1.3,205.0,19.0,34.0,1.3,161.75,19.0,34.0,1.3,73.0,16.0,34.0,1.3,2644.0,21.0,34.0,1.3
2020-08-16,51.0,19.0,32.0,1.6,298.0,17.0,32.0,1.6,1119.0,21.0,32.0,1.6,204.0,31.0,32.0,1.6,62.0,18.0,32.0,1.6,311.0,22.0,32.0,1.6,111.0,29.0,32.0,1.6,75.0,21.0,32.0,1.6,2024.0,20.0,32.0,1.6
2020-08-17,74.0,20.0,37.0,1.4,390.0,16.0,37.0,1.4,1316.0,20.0,37.0,1.4,256.0,33.0,37.0,1.4,57.0,16.0,37.0,1.4,219.0,22.0,37.0,1.4,152.0,30.0,37.0,1.4,91.0,18.0,37.0,1.4,2595.0,21.0,37.0,1.4
2020-08-18,68.0,20.0,46.0,1.4,330.0,14.0,46.0,1.4,1374.0,23.0,46.0,1.4,180.0,24.0,46.0,1.4,38.0,10.0,46.0,1.4,210.0,13.0,46.0,1.4,142.0,29.0,46.0,1.4,161.0,23.0,46.0,1.4,3200.0,22.0,46.0,1.4
2020-08-19,89.0,23.0,41.0,1.5,321.0,13.0,41.0,1.5,1353.0,21.0,41.0,1.5,274.0,28.0,41.0,1.5,56.0,14.0,41.0,1.5,221.0,20.0,41.0,1.5,150.0,22.0,41.0,1.5,101.0,18.0,41.0,1.5,2747.0,19.0,41.0,1.5
2020-08-20,58.0,19.0,41.0,1.4,299.0,13.0,41.0,1.4,1202.0,21.0,41.0,1.4,164.0,30.0,41.0,1.4,58.0,12.0,41.0,1.4,213.0,12.0,41.0,1.4,128.0,23.0,41.0,1.4,133.0,23.0,41.0,1.4,2868.0,20.0,41.0,1.4
2020-08-21,73.0,25.0,39.0,1.6,240.0,14.0,39.0,1.6,869.0,23.0,39.0,1.6,360.0,20.0,39.0,1.6,54.0,15.0,39.0,1.6,187.0,10.0,39.0,1.6,127.0,38.0,39.0,1.6,123.0,21.0,39.0,1.6,2401.0,19.0,39.0,1.6
2020-08-22,33.0,22.0,46.0,2.0,228.0,19.0,46.0,2.0,1080.0,21.0,46.0,2.0,218.0,26.0,46.0,2.0,47.0,16.0,46.0,2.0,173.0,12.0,46.0,2.0,144.0,29.0,46.0,2.0,57.0,21.0,46.0,2.0,2265.0,20.0,46.0,2.0
2020-08-23,39.0,13.0,34.0,1.7,344.0,16.0,34.0,1.7,1179.0,21.0,34.0,1.7,307.0,27.0,34.0,1.7,35.0,13.0,34.0,1.7,195.0,19.0,34.0,1.7,119.0,23.0,34.0,1.7,113.0,24.0,34.0,1.7,1973.0,18.0,34.0,1.7
2020-08-24,93.0,24.0,42.0,1.7,291.0,14.0,42.0,1.7,1219.0,20.0,42.0,1.7,174.0,27.0,42.0,1.7,45.0,11.0,42.0,1.7,184.0,14.0,42.0,1.7,126.0,24.0,42.0,1.7,96.0,14.0,42.0,1.7,2485.0,19.0,42.0,1.7
2020-08-25,59.0,17.0,45.0,1.8,234.0,12.0,45.0,1.8,1166.0,20.0,45.0,1.8,212.0,29.0,45.0,1.8,30.0,8.0,45.0,1.8,225.0,14.0,45.0,1.8,140.0,29.0,45.0,1.8,138.0,21.0,45.0,1.8,2545.0,18.0,45.0,1.8
2020-08-26,84.0,22.0,54.0,2.1,248.0,10.0,54.0,2.1,1173.0,19.0,54.0,2.1,226.0,27.0,54.0,2.1,24.0,8.0,54.0,2.1,163.0,12.0,54.0,2.1,139.0,28.0,54.0,2.1,85.0,18.0,54.0,2.1,2519.0,17.0,54.0,2.1
2020-08-27,62.0,18.0,45.0,1.8,287.0,13.0,45.0,1.8,1122.0,18.0,45.0,1.8,204.0,26.0,45.0,1.8,41.0,10.0,45.0,1.8,182.0,21.0,45.0,1.8,102.0,20.0,45.0,1.8,125.0,24.0,45.0,1.8,2436.0,16.0,45.0,1.8
2020-08-28,71.0,21.0,47.0,2.1,194.0,10.0,47.0,2.1,751.0,23.0,47.0,2.1,252.0,31.0,47.0,2.1,57.0,19.0,47.0,2.1,183.0,11.0,47.0,2.1,131.0,28.0,47.0,2.1,97.0,20.0,47.0,2.1,2211.0,16.0,47.0,2.1
2020-08-29,17.0,10.0,32.0,1.5,203.0,13.0,32.0,1.5,1195.0,19.0,32.0,1.5,163.0,24.0,32.0,1.5,46.0,13.0,32.0,1.5,123.0,15.0,32.0,1.5,98.0,19.0,32.0,1.5,54.0,17.0,32.0,1.5,2131.0,18.0,32.0,1.5
2020-08-30,74.0,23.0,42.0,2.2,189.0,11.0,42.0,2.2,1008.0,20.0,42.0,2.2,156.0,22.0,42.0,2.2,41.0,19.0,42.0,2.2,124.0,16.0,42.0,2.2,161.75,26.0,42.0,2.2,119.0,24.0,42.0,2.2,1897.0,16.0,42.0,2.2
2020-08-31,43.0,17.0,33.0,1.5,230.0,13.0,33.0,1.5,941.0,16.0,33.0,1.5,186.0,31.0,33.0,1.5,49.0,15.0,33.0,1.5,140.0,19.0,33.0,1.5,161.75,21.0,33.0,1.5,84.0,17.0,33.0,1.5,2174.0,17.0,33.0,1.5
2020-09-01,65.0,17.0,35.0,1.8,281.0,11.0,35.0,1.8,1244.0,18.0,35.0,1.8,191.0,24.0,35.0,1.8,42.0,14.0,35.0,1.8,135.0,15.0,35.0,1.8,102.0,21.0,35.0,1.8,74.0,15.0,35.0,1.8,1950.0,16.0,35.0,1.8
2020-09-02,45.0,12.0,35.0,1.4,301.0,12.0,35.0,1.4,1146.0,17.0,35.0,1.4,170.0,21.0,35.0,1.4,27.0,8.0,35.0,1.4,101.0,13.0,35.0,1.4,143.0,25.0,35.0,1.4,100.0,20.0,35.0,1.4,2582.0,17.0,35.0,1.4
2020-09-03,52.0,13.0,32.0,1.5,183.0,9.0,32.0,1.5,1181.0,17.0,32.0,1.5,141.0,19.0,32.0,1.5,42.0,13.0,32.0,1.5,198.0,16.0,32.0,1.5,8.0,6.0,32.0,1.5,98.0,14.0,32.0,1.5,2158.0,15.0,32.0,1.5
2020-09-04,46.0,13.0,29.0,1.5,171.0,8.0,29.0,1.5,842.0,20.0,29.0,1.5,157.0,23.0,29.0,1.5,35.0,14.0,29.0,1.5,101.0,14.0,29.0,1.5,98.0,27.0,29.0,1.5,94.0,16.0,29.0,1.5,1929.0,15.0,29.0,1.5
2020-09-05,31.0,10.0,35.0,1.8,152.0,9.0,35.0,1.8,954.0,16.0,35.0,1.8,134.0,22.0,35.0,1.8,23.0,8.0,35.0,1.8,90.0,9.0,35.0,1.8,52.0,22.0,35.0,1.8,86.0,19.0,35.0,1.8,1950.0,15.0,35.0,1.8
2020-09-06,56.0,14.0,32.0,2.0,203.0,8.0,32.0,2.0,1122.0,16.0,32.0,2.0,151.0,20.0,32.0,2.0,51.0,15.0,32.0,2.0,101.0,13.0,32.0,2.0,38.0,14.0,32.0,2.0,104.0,17.0,32.0,2.0,1592.0,14.0,32.0,2.0
2020-09-07,27.0,8.0,37.0,1.7,215.0,8.0,37.0,1.7,1001.0,15.0,37.0,1.7,143.0,19.0,37.0,1.7,26.0,8.0,37.0,1.7,138.0,15.0,37.0,1.7,88.0,11.0,37.0,1.7,81.0,13.0,37.0,1.7,2202.0,14.0,37.0,1.7
2020-09-08,35.0,7.0,36.0,1.9,216.0,8.0,36.0,1.9,925.0,15.0,36.0,1.9,102.0,20.0,36.0,1.9,29.0,7.0,36.0,1.9,95.0,8.0,36.0,1.9,52.0,20.0,36.0,1.9,58.0,12.0,36.0,1.9,1892.0,13.0,36.0,1.9
2020-09-09,30.0,6.0,41.0,2.2,189.0,7.0,41.0,2.2,1102.0,16.0,41.0,2.2,129.0,21.0,41.0,2.2,53.0,17.0,41.0,2.2,86.0,9.0,41.0,2.2,71.0,10.0,41.0,2.2,120.0,17.0,41.0,2.2,1827.0,12.0,41.0,2.2
2020-09-10,32.0,8.0,41.0,2.2,126.0,5.0,41.0,2.2,1002.0,14.0,41.0,2.2,151.0,23.0,41.0,2.2,43.0,10.0,41.0,2.2,153.0,13.0,41.0,2.2,28.0,13.0,41.0,2.2,94.0,13.0,41.0,2.2,1892.0,12.0,41.0,2.2
2020-09-11,37.0,11.0,34.0,1.9,174.0,7.0,34.0,1.9,618.0,15.0,34.0,1.9,86.0,16.0,34.0,1.9,20.0,6.0,34.0,1.9,89.0,13.0,34.0,1.9,36.0,15.0,34.0,1.9,117.0,15.0,34.0,1.9,1792.0,12.0,34.0,1.9
2020-09-12,18.0,10.0,34.0,2.7,182.0,8.0,34.0,2.7,821.0,14.0,34.0,2.7,77.0,13.0,34.0,2.7,21.0,7.0,34.0,2.7,127.0,13.0,34.0,2.7,74.0,9.0,34.0,2.7,41.0,11.0,34.0,2.7,1282.0,12.0,34.0,2.7
2020-09-13,18.0,5.0,31.0,2.1,206.0,7.0,31.0,2.1,941.0,16.0,31.0,2.1,93.0,14.0,31.0,2.1,26.0,8.0,31.0,2.1,116.0,14.0,31.0,2.1,33.0,14.0,31.0,2.1,95.0,17.0,31.0,2.1,1476.0,11.0,31.0,2.1
2020-09-14,42.0,12.0,26.0,1.4,197.0,7.0,26.0,1.4,978.0,16.0,26.0,1.4,108.0,15.0,26.0,1.4,30.0,8.0,26.0,1.4,100.0,11.0,26.0,1.4,39.0,12.0,26.0,1.4,45.0,8.0,26.0,1.4,1812.0,13.0,26.0,1.4
2020-09-15,32.0,9.0,43.0,2.5,186.0,7.0,43.0,2.5,975.0,16.0,43.0,2.5,83.0,12.0,43.0,2.5,27.0,7.0,43.0,2.5,113.0,10.0,43.0,2.5,29.0,12.0,43.0,2.5,69.0,10.0,43.0,2.5,1724.0,12.0,43.0,2.5
2020-09-16,26.0,8.0,21.0,1.3,134.0,6.0,21.0,1.3,953.0,16.0,21.0,1.3,87.0,11.0,21.0,1.3,33.0,8.0,21.0,1.3,98.0,9.0,21.0,1.3,39.0,12.0,21.0,1.3,88.0,13.0,21.0,1.3,1615.0,12.0,21.0,1.3
2020-09-17,31.0,9.0,36.0,2.3,127.0,6.0,36.0,2.3,928.0,15.0,36.0,2.3,86.0,11.0,36.0,2.3,24.0,6.0,36.0,2.3,126.0,10.0,36.0,2.3,101.0,12.0,36.0,2.3,50.0,8.0,36.0,2.3,1593.0,12.0,36.0,2.3
2020-09-18,23.0,7.0,22.0,1.4,149.0,6.0,22.0,1.4,677.0,17.0,22.0,1.4,87.0,13.0,22.0,1.4,21.0,6.0,22.0,1.4,102.0,9.0,22.0,1.4,53.0,18.0,22.0,1.4,53.0,8.0,22.0,1.4,1541.0,12.0,22.0,1.4
2020-09-19,21.0,12.0,32.0,2.0,111.0,6.0,32.0,2.0,1006.0,19.0,32.0,2.0,62.0,10.0,32.0,2.0,19.0,6.0,32.0,2.0,160.0,11.0,32.0,2.0,84.0,16.0,32.0,2.0,23.0,6.0,32.0,2.0,1567.0,12.0,32.0,2.0
2020-09-20,29.0,9.0,26.0,1.7,148.0,6.0,26.0,1.7,958.0,17.0,26.0,1.7,62.0,10.0,26.0,1.7,35.0,13.0,26.0,1.7,81.0,8.0,26.0,1.7,87.0,22.0,26.0,1.7,56.0,10.0,26.0,1.7,1544.0,13.0,26.0,1.7
2020-09-21,33.0,11.0,40.0,2.3,135.0,6.0,40.0,2.3,790.0,14.0,40.0,2.3,78.0,12.0,40.0,2.3,20.0,5.0,40.0,2.3,98.0,9.0,40.0,2.3,51.0,12.0,40.0,2.3,47.0,7.0,40.0,2.3,1705.0,13.0,40.0,2.3
2020-09-22,22.0,9.0,28.0,1.8,190.0,7.0,28.0,1.8,877.0,15.0,28.0,1.8,71.0,12.0,28.0,1.8,38.0,9.0,28.0,1.8,138.0,10.0,28.0,1.8,51.0,12.0,28.0,1.8,46.0,8.0,28.0,1.8,1557.0,11.0,28.0,1.8
2020-09-23,32.0,12.0,37.0,2.2,176.0,6.0,37.0,2.2,958.0,17.0,37.0,2.2,60.0,11.0,37.0,2.2,23.0,6.0,37.0,2.2,129.0,9.0,37.0,2.2,39.0,8.0,37.0,2.2,29.0,6.0,37.0,2.2,1666.0,12.0,37.0,2.2
2020-09-24,19.0,9.0,28.0,1.8,120.0,6.0,28.0,1.8,989.0,17.0,28.0,1.8,58.0,9.0,28.0,1.8,16.0,5.0,28.0,1.8,57.0,6.0,28.0,1.8,36.0,9.0,28.0,1.8,39.0,8.0,28.0,1.8,1540.0,12.0,28.0,1.8
2020-09-25,25.0,11.0,21.0,1.5,98.0,5.0,21.0,1.5,609.0,15.0,21.0,1.5,59.0,12.0,21.0,1.5,19.0,7.0,21.0,1.5,108.0,7.0,21.0,1.5,30.0,10.0,21.0,1.5,21.0,4.0,21.0,1.5,1383.0,11.0,21.0,1.5
2020-09-26,7.0,5.0,36.0,3.3,87.0,5.0,36.0,3.3,787.0,15.0,36.0,3.3,40.0,11.0,36.0,3.3,14.0,6.0,36.0,3.3,103.0,9.0,36.0,3.3,57.0,14.0,36.0,3.3,35.0,8.0,36.0,3.3,1106.0,10.0,36.0,3.3
2020-09-27,26.0,11.0,32.0,2.5,143.0,5.0,32.0,2.5,901.0,17.0,32.0,2.5,56.0,12.0,32.0,2.5,26.0,8.0,32.0,2.5,62.0,10.0,32.0,2.5,38.0,10.0,32.0,2.5,33.0,6.0,32.0,2.5,1275.0,12.0,32.0,2.5
2020-09-28,34.0,12.0,32.0,2.3,109.0,5.0,32.0,2.3,917.0,17.0,32.0,2.3,75.0,13.0,32.0,2.3,31.0,10.0,32.0,2.3,73.0,8.0,32.0,2.3,42.0,12.0,32.0,2.3,65.0,11.0,32.0,2.3,1407.0,12.0,32.0,2.3
2020-09-29,30.0,11.0,26.0,1.7,120.0,4.0,26.0,1.7,812.0,16.0,26.0,1.7,53.0,10.0,26.0,1.7,25.0,9.0,26.0,1.7,80.0,6.0,26.0,1.7,51.0,14.0,26.0,1.7,40.0,8.0,26.0,1.7,1488.0,12.0,26.0,1.7
2020-09-30,19.0,7.0,32.0,2.2,153.0,6.0,32.0,2.2,941.0,17.0,32.0,2.2,57.0,11.0,32.0,2.2,47.0,14.0,32.0,2.2,78.0,7.0,32.0,2.2,41.0,11.0,32.0,2.2,29.0,5.0,32.0,2.2,1436.0,11.0,32.0,2.2
2020-10-01,24.0,10.0,21.0,1.4,119.0,5.0,21.0,1.4,950.0,16.0,21.0,1.4,42.0,8.0,21.0,1.4,17.0,6.0,21.0,1.4,51.0,7.0,21.0,1.4,37.0,9.0,21.0,1.4,24.0,4.0,21.0,1.4,1508.0,13.0,21.0,1.4
2020-10-02,23.0,11.0,33.0,2.4,120.0,7.0,33.0,2.4,579.0,19.0,33.0,2.4,50.0,10.0,33.0,2.4,16.0,6.0,33.0,2.4,55.0,6.0,33.0,2.4,33.0,9.0,33.0,2.4,29.0,6.0,33.0,2.4,1396.0,12.0,33.0,2.4
2020-10-03,11.0,7.0,20.0,1.7,91.0,5.0,20.0,1.7,894.0,17.0,20.0,1.7,27.0,11.0,20.0,1.7,19.0,9.0,20.0,1.7,51.0,6.0,20.0,1.7,40.0,10.0,20.0,1.7,21.0,4.0,20.0,1.7,1182.0,12.0,20.0,1.7
2020-10-04,34.0,16.0,23.0,2.0,128.0,6.0,23.0,2.0,926.0,18.0,23.0,2.0,51.0,11.0,23.0,2.0,13.0,5.0,23.0,2.0,62.0,11.0,23.0,2.0,20.0,9.0,23.0,2.0,42.0,8.0,23.0,2.0,1125.0,11.0,23.0,2.0
2020-10-05,29.0,11.0,27.0,1.9,168.0,7.0,27.0,1.9,960.0,16.0,27.0,1.9,58.0,9.0,27.0,1.9,19.0,8.0,27.0,1.9,74.0,11.0,27.0,1.9,58.0,12.0,27.0,1.9,39.0,6.0,27.0,1.9,1442.0,12.0,27.0,1.9
2020-10-06,16.0,8.0,30.0,2.0,131.0,5.0,30.0,2.0,914.0,17.0,30.0,2.0,72.0,12.0,30.0,2.0,19.0,6.0,30.0,2.0,128.0,11.0,30.0,2.0,32.0,7.0,30.0,2.0,33.0,7.0,30.0,2.0,1499.0,12.0,30.0,2.0
2020-10-07,26.0,11.0,35.0,2.3,161.0,5.0,35.0,2.3,873.0,15.0,35.0,2.3,45.0,10.0,35.0,2.3,18.0,5.0,35.0,2.3,48.0,8.0,35.0,2.3,28.0,9.0,35.0,2.3,39.0,5.0,35.0,2.3,1520.0,12.0,35.0,2.3
2020-10-08,34.0,11.0,20.0,1.4,148.0,5.0,20.0,1.4,877.0,15.0,20.0,1.4,60.0,12.0,20.0,1.4,7.0,3.0,20.0,1.4,33.0,8.0,20.0,1.4,38.0,11.0,20.0,1.4,51.0,8.0,20.0,1.4,1441.0,11.0,20.0,1.4
2020-10-09,23.0,9.0,17.0,1.3,128.0,5.0,17.0,1.3,640.0,16.0,17.0,1.3,46.0,9.0,17.0,1.3,14.0,5.0,17.0,1.3,39.0,5.0,17.0,1.3,13.0,8.0,17.0,1.3,30.0,6.0,17.0,1.3,1278.0,11.0,17.0,1.3
2020-10-10,9.0,5.0,23.0,1.9,105.0,5.0,23.0,1.9,804.0,17.0,23.0,1.9,26.0,10.0,23.0,1.9,23.0,9.0,23.0,1.9,50.0,5.0,23.0,1.9,27.0,11.0,23.0,1.9,27.0,5.0,23.0,1.9,1203.0,11.0,23.0,1.9
2020-10-11,26.0,9.0,24.0,2.0,151.0,6.0,24.0,2.0,850.0,16.0,24.0,2.0,35.0,9.0,24.0,2.0,11.0,5.0,24.0,2.0,32.0,6.0,24.0,2.0,23.0,7.0,24.0,2.0,27.0,5.0,24.0,2.0,1193.0,13.0,24.0,2.0
2020-10-12,33.0,13.0,31.0,2.1,129.0,5.0,31.0,2.1,983.0,16.0,31.0,2.1,43.0,7.0,31.0,2.1,18.0,7.0,31.0,2.1,37.0,5.0,31.0,2.1,35.0,9.0,31.0,2.1,26.0,3.0,31.0,2.1,1472.0,11.0,31.0,2.1
2020-10-13,23.0,9.0,22.0,1.4,169.0,5.0,22.0,1.4,971.0,16.0,22.0,1.4,54.0,8.0,22.0,1.4,18.0,6.0,22.0,1.4,57.0,5.0,22.0,1.4,26.0,9.0,22.0,1.4,42.0,7.0,22.0,1.4,1537.0,11.0,22.0,1.4
2020-10-14,25.0,10.0,16.0,1.0,136.0,5.0,16.0,1.0,1015.0,18.0,16.0,1.0,36.0,7.0,16.0,1.0,12.0,6.0,16.0,1.0,67.0,5.0,16.0,1.0,50.0,17.0,16.0,1.0,53.0,10.0,16.0,1.0,1684.0,12.0,16.0,1.0
2020-10-15,25.0,9.0,15.0,0.9,147.0,5.0,15.0,0.9,1161.0,15.0,15.0,0.9,45.0,10.0,15.0,0.9,19.0,6.0,15.0,0.9,39.0,3.0,15.0,0.9,33.0,8.0,15.0,0.9,41.0,6.0,15.0,0.9,1600.0,11.0,15.0,0.9
2020-10-16,27.0,11.0,15.0,1.0,136.0,6.0,15.0,1.0,660.0,16.0,15.0,1.0,56.0,10.0,15.0,1.0,5.0,2.0,15.0,1.0,40.0,4.0,15.0,1.0,32.0,10.0,15.0,1.0,30.0,5.0,15.0,1.0,1527.0,11.0,15.0,1.0
2020-10-17,11.0,7.0,23.0,1.9,86.0,4.0,23.0,1.9,1004.0,19.0,23.0,1.9,22.0,7.0,23.0,1.9,10.0,6.0,23.0,1.9,49.0,5.0,23.0,1.9,22.0,13.0,23.0,1.9,12.0,2.0,23.0,1.9,1209.0,10.0,23.0,1.9
2020-10-18,38.0,14.0,14.0,1.1,197.0,6.0,14.0,1.1,1015.0,15.0,14.0,1.1,48.0,10.0,14.0,1.1,8.0,3.0,14.0,1.1,59.0,4.0,14.0,1.1,35.0,13.0,14.0,1.1,29.0,5.0,14.0,1.1,1274.0,11.0,14.0,1.1
2020-10-19,12.0,5.0,21.0,1.3,154.0,5.0,21.0,1.3,919.0,15.0,21.0,1.3,41.0,9.0,21.0,1.3,13.0,5.0,21.0,1.3,40.0,5.0,21.0,1.3,24.0,8.0,21.0,1.3,53.0,8.0,21.0,1.3,1637.0,11.0,21.0,1.3
2020-10-20,31.0,12.0,18.0,1.3,141.0,5.0,18.0,1.3,1007.0,15.0,18.0,1.3,26.0,5.0,18.0,1.3,21.0,7.0,18.0,1.3,64.0,5.0,18.0,1.3,35.0,14.0,18.0,1.3,24.0,4.0,18.0,1.3,1380.0,10.0,18.0,1.3
2020-10-21,46.0,15.0,24.0,1.6,169.0,5.0,24.0,1.6,1056.0,15.0,24.0,1.6,45.0,6.0,24.0,1.6,12.0,5.0,24.0,1.6,63.0,6.0,24.0,1.6,43.0,13.0,24.0,1.6,20.0,4.0,24.0,1.6,1545.0,11.0,24.0,1.6
2020-10-22,24.0,10.0,24.0,1.4,188.0,6.0,24.0,1.4,830.0,14.0,24.0,1.4,58.0,10.0,24.0,1.4,16.0,7.0,24.0,1.4,52.0,4.0,24.0,1.4,33.0,13.0,24.0,1.4,45.0,7.0,24.0,1.4,1696.0,11.0,24.0,1.4
2020-10-23,12.0,7.0,14.0,0.9,124.0,5.0,14.0,0.9,568.0,13.0,14.0,0.9,29.0,7.0,14.0,0.9,16.0,8.0,14.0,0.9,83.0,6.0,14.0,0.9,37.0,9.0,14.0,0.9,31.0,6.0,14.0,0.9,1586.0,11.0,14.0,0.9
2020-10-24,8.0,5.0,19.0,1.7,95.0,5.0,19.0,1.7,854.0,17.0,19.0,1.7,23.0,8.0,19.0,1.7,14.0,7.0,19.0,1.7,32.0,4.0,19.0,1.7,35.0,14.0,19.0,1.7,26.0,5.0,19.0,1.7,1094.0,10.0,19.0,1.7
2020-10-25,39.0,13.0,23.0,1.8,164.0,5.0,23.0,1.8,893.0,14.0,23.0,1.8,37.0,8.0,23.0,1.8,12.0,6.0,23.0,1.8,57.0,5.0,23.0,1.8,22.0,6.0,23.0,1.8,37.0,6.0,23.0,1.8,1308.0,12.0,23.0,1.8
2020-10-26,22.0,9.0,15.0,1.0,142.0,5.0,15.0,1.0,794.0,15.0,15.0,1.0,28.0,7.0,15.0,1.0,10.0,5.0,15.0,1.0,57.0,6.0,15.0,1.0,54.0,18.0,15.0,1.0,48.0,8.0,15.0,1.0,1436.0,10.0,15.0,1.0
2020-10-27,15.0,6.0,20.0,1.5,122.0,5.0,20.0,1.5,896.0,16.0,20.0,1.5,16.0,4.0,20.0,1.5,15.0,9.0,20.0,1.5,55.0,5.0,20.0,1.5,19.0,9.0,20.0,1.5,31.0,6.0,20.0,1.5,1335.0,11.0,20.0,1.5
2020-10-28,49.0,13.0,23.0,1.5,181.0,5.0,23.0,1.5,1161.0,17.0,23.0,1.5,24.0,5.0,23.0,1.5,25.0,9.0,23.0,1.5,90.0,9.0,23.0,1.5,34.0,14.0,23.0,1.5,38.0,7.0,23.0,1.5,1493.0,12.0,23.0,1.5
2020-10-29,30.0,8.0,25.0,1.5,164.0,6.0,25.0,1.5,1094.0,15.0,25.0,1.5,33.0,6.0,25.0,1.5,32.0,10.0,25.0,1.5,52.0,6.0,25.0,1.5,46.0,9.0,25.0,1.5,54.0,8.0,25.0,1.5,1681.0,12.0,25.0,1.5
2020-10-30,34.0,14.0,19.0,1.2,148.0,6.0,19.0,1.2,674.0,13.0,19.0,1.2,36.0,6.0,19.0,1.2,17.0,7.0,19.0,1.2,54.0,6.0,19.0,1.2,29.0,15.0,19.0,1.2,35.0,7.0,19.0,1.2,1604.0,11.0,19.0,1.2
2020-10-31,18.0,6.0,18.0,1.4,118.0,6.0,18.0,1.4,1052.0,20.0,18.0,1.4,47.0,11.0,18.0,1.4,8.0,5.0,18.0,1.4,55.0,5.0,18.0,1.4,29.0,11.0,18.0,1.4,37.0,8.0,18.0,1.4,1320.0,11.0,18.0,1.4
2020-11-01,45.0,14.0,18.0,1.1,173.0,6.0,18.0,1.1,1070.0,16.0,18.0,1.1,35.0,6.0,18.0,1.1,16.0,9.0,18.0,1.1,54.0,11.0,18.0,1.1,39.0,15.0,18.0,1.1,58.0,10.0,18.0,1.1,1568.0,12.0,18.0,1.1
2020-11-02,35.0,12.0,25.0,1.4,154.0,6.0,25.0,1.4,1079.0,16.0,25.0,1.4,37.0,6.0,25.0,1.4,19.0,10.0,25.0,1.4,57.0,6.0,25.0,1.4,44.0,12.0,25.0,1.4,31.0,4.0,25.0,1.4,1736.0,13.0,25.0,1.4
2020-11-03,37.0,13.0,17.0,1.0,186.0,7.0,17.0,1.0,926.0,15.0,17.0,1.0,45.0,7.0,17.0,1.0,19.0,7.0,17.0,1.0,84.0,7.0,17.0,1.0,36.0,17.0,17.0,1.0,23.0,5.0,17.0,1.0,1659.0,12.0,17.0,1.0
2020-11-04,65.0,16.0,21.0,1.4,162.0,5.0,21.0,1.4,1200.0,15.0,21.0,1.4,40.0,5.0,21.0,1.4,26.0,9.0,21.0,1.4,101.0,9.0,21.0,1.4,37.0,10.0,21.0,1.4,28.0,4.0,21.0,1.4,1517.0,11.0,21.0,1.4
2020-11-05,31.0,8.0,17.0,0.9,158.0,5.0,17.0,0.9,958.0,14.0,17.0,0.9,37.0,6.0,17.0,0.9,19.0,7.0,17.0,0.9,59.0,5.0,17.0,0.9,61.0,14.0,17.0,0.9,34.0,5.0,17.0,0.9,1842.0,12.0,17.0,0.9
2020-11-06,52.0,17.0,15.0,1.0,164.0,7.0,15.0,1.0,794.0,14.0,15.0,1.0,40.0,8.0,15.0,1.0,17.0,7.0,15.0,1.0,65.0,8.0,15.0,1.0,29.0,11.0,15.0,1.0,26.0,5.0,15.0,1.0,1469.0,11.0,15.0,1.0
2020-11-07,19.0,7.0,13.0,1.0,122.0,5.0,13.0,1.0,964.0,16.0,13.0,1.0,34.0,11.0,13.0,1.0,21.0,9.0,13.0,1.0,44.0,5.0,13.0,1.0,21.0,12.0,13.0,1.0,35.0,7.0,13.0,1.0,1289.0,11.0,13.0,1.0
2020-11-08,56.0,16.0,18.0,1.2,147.0,6.0,18.0,1.2,1123.0,16.0,18.0,1.2,38.0,6.0,18.0,1.2,17.0,7.0,18.0,1.2,101.0,15.0,18.0,1.2,19.0,6.0,18.0,1.2,27.0,4.0,18.0,1.2,1474.0,12.0,18.0,1.2
2020-11-09,37.0,13.0,25.0,1.5,248.0,8.0,25.0,1.5,1121.0,16.0,25.0,1.5,37.0,6.0,25.0,1.5,22.0,7.0,25.0,1.5,63.0,7.0,25.0,1.5,43.0,13.0,25.0,1.5,70.0,11.0,25.0,1.5,1683.0,12.0,25.0,1.5
2020-11-10,46.0,12.0,16.0,0.9,173.0,7.0,16.0,0.9,1179.0,17.0,16.0,0.9,27.0,4.0,16.0,0.9,28.0,10.0,16.0,0.9,92.0,8.0,16.0,0.9,54.0,14.0,16.0,0.9,28.0,4.0,16.0,0.9,1699.0,13.0,16.0,0.9
2020-11-11,44.0,10.0,19.0,1.1,215.0,6.0,19.0,1.1,1105.0,16.0,19.0,1.1,34.0,5.0,19.0,1.1,12.0,4.0,19.0,1.1,67.0,5.0,19.0,1.1,44.0,12.0,19.0,1.1,54.0,8.0,19.0,1.1,1733.0,12.0,19.0,1.1
2020-11-12,45.0,13.0,13.0,0.7,198.0,7.0,13.0,0.7,1199.0,17.0,13.0,0.7,39.0,6.0,13.0,0.7,9.0,3.0,13.0,0.7,42.0,6.0,13.0,0.7,58.0,18.0,13.0,0.7,41.0,6.0,13.0,0.7,1845.0,11.0,13.0,0.7
2020-11-13,52.0,17.0,19.0,1.1,167.0,8.0,19.0,1.1,825.0,18.0,19.0,1.1,42.0,7.0,19.0,1.1,19.0,7.0,19.0,1.1,62.0,5.0,19.0,1.1,35.0,13.0,19.0,1.1,38.0,8.0,19.0,1.1,1767.0,13.0,19.0,1.1
2020-11-14,14.0,8.0,14.0,0.9,139.0,6.0,14.0,0.9,1280.0,20.0,14.0,0.9,33.0,9.0,14.0,0.9,10.0,5.0,14.0,0.9,86.0,5.0,14.0,0.9,26.0,10.0,14.0,0.9,24.0,5.0,14.0,0.9,1531.0,13.0,14.0,0.9
2020-11-15,51.0,12.0,21.0,1.1,272.0,10.0,21.0,1.1,1209.0,16.0,21.0,1.1,38.0,5.0,21.0,1.1,7.0,3.0,21.0,1.1,83.0,7.0,21.0,1.1,50.0,12.0,21.0,1.1,39.0,6.0,21.0,1.1,1837.0,13.0,21.0,1.1
2020-11-16,40.0,12.0,21.0,1.0,190.0,7.0,21.0,1.0,1466.0,19.0,21.0,1.0,31.0,4.0,21.0,1.0,17.0,6.0,21.0,1.0,75.0,7.0,21.0,1.0,47.0,15.0,21.0,1.0,45.0,7.0,21.0,1.0,2139.0,14.0,21.0,1.0
2020-11-17,38.0,9.0,39.0,1.8,255.0,8.0,39.0,1.8,1348.0,18.0,39.0,1.8,60.0,8.0,39.0,1.8,28.0,11.0,39.0,1.8,83.0,6.0,39.0,1.8,54.0,15.0,39.0,1.8,26.0,5.0,39.0,1.8,2212.0,14.0,39.0,1.8
2020-11-18,29.0,7.0,21.0,1.0,268.0,7.0,21.0,1.0,1502.0,18.0,21.0,1.0,46.0,7.0,21.0,1.0,36.0,11.0,21.0,1.0,69.0,6.0,21.0,1.0,58.0,14.0,21.0,1.0,29.0,6.0,21.0,1.0,2111.0,13.0,21.0,1.0
2020-11-19,39.0,9.0,30.0,1.3,208.0,6.0,30.0,1.3,1398.0,19.0,30.0,1.3,41.0,6.0,30.0,1.3,21.0,7.0,30.0,1.3,73.0,8.0,30.0,1.3,61.0,15.0,30.0,1.3,27.0,7.0,30.0,1.3,2364.0,13.0,30.0,1.3
2020-11-20,37.0,12.0,17.0,0.7,193.0,8.0,17.0,0.7,1151.0,22.0,17.0,0.7,50.0,10.0,17.0,0.7,15.0,6.0,17.0,0.7,76.0,6.0,17.0,0.7,55.0,18.0,17.0,0.7,24.0,5.0,17.0,0.7,2275.0,15.0,17.0,0.7
2020-11-21,16.0,7.0,28.0,1.5,232.0,9.0,28.0,1.5,1500.0,22.0,28.0,1.5,49.0,9.0,28.0,1.5,21.0,7.0,28.0,1.5,107.0,9.0,28.0,1.5,38.0,15.0,28.0,1.5,21.0,4.0,28.0,1.5,1847.0,15.0,28.0,1.5
2020-11-22,50.0,12.0,38.0,1.8,367.0,11.0,38.0,1.8,1477.0,21.0,38.0,1.8,38.0,6.0,38.0,1.8,13.0,4.0,38.0,1.8,77.0,11.0,38.0,1.8,53.0,17.0,38.0,1.8,41.0,6.0,38.0,1.8,2060.0,15.0,38.0,1.8
2020-11-23,41.0,12.0,28.0,1.2,297.0,11.0,28.0,1.2,1313.0,19.0,28.0,1.2,59.0,8.0,28.0,1.2,32.0,11.0,28.0,1.2,72.0,7.0,28.0,1.2,61.0,15.0,28.0,1.2,46.0,7.0,28.0,1.2,2419.0,15.0,28.0,1.2
2020-11-24,35.0,8.0,32.0,1.4,221.0,8.0,32.0,1.4,1465.0,19.0,32.0,1.4,53.0,9.0,32.0,1.4,51.0,16.0,32.0,1.4,98.0,8.0,32.0,1.4,58.0,14.0,32.0,1.4,39.0,6.0,32.0,1.4,2230.0,15.0,32.0,1.4
2020-11-25,44.0,11.0,39.0,1.8,274.0,8.0,39.0,1.8,1249.0,18.0,39.0,1.8,80.0,11.0,39.0,1.8,24.0,8.0,39.0,1.8,100.0,8.0,39.0,1.8,71.0,21.0,39.0,1.8,41.0,6.0,39.0,1.8,2156.0,13.0,39.0,1.8
2020-11-26,53.0,12.0,37.0,1.6,316.0,9.0,37.0,1.6,1626.0,20.0,37.0,1.6,42.0,6.0,37.0,1.6,19.0,6.0,37.0,1.6,64.0,5.0,37.0,1.6,69.0,18.0,37.0,1.6,42.0,7.0,37.0,1.6,2292.0,13.0,37.0,1.6
2020-11-27,39.0,12.0,20.0,0.9,288.0,9.0,20.0,0.9,951.0,19.0,20.0,0.9,38.0,8.0,20.0,0.9,36.0,13.0,20.0,0.9,99.0,9.0,20.0,0.9,46.0,14.0,20.0,0.9,37.0,6.0,20.0,0.9,2273.0,14.0,20.0,0.9
2020-11-28,26.0,9.0,36.0,1.9,156.0,5.0,36.0,1.9,1300.0,21.0,36.0,1.9,36.0,9.0,36.0,1.9,22.0,10.0,36.0,1.9,104.0,9.0,36.0,1.9,38.0,16.0,36.0,1.9,26.0,5.0,36.0,1.9,1908.0,14.0,36.0,1.9
2020-11-29,41.0,11.0,29.0,1.6,367.0,11.0,29.0,1.6,1492.0,20.0,29.0,1.6,32.0,6.0,29.0,1.6,26.0,9.0,29.0,1.6,52.0,7.0,29.0,1.6,87.0,25.0,29.0,1.6,32.0,6.0,29.0,1.6,1788.0,13.0,29.0,1.6
2020-11-30,50.0,14.0,35.0,1.4,297.0,9.0,35.0,1.4,1436.0,20.0,35.0,1.4,65.0,10.0,35.0,1.4,23.0,9.0,35.0,1.4,98.0,8.0,35.0,1.4,84.0,21.0,35.0,1.4,37.0,6.0,35.0,1.4,2525.0,16.0,35.0,1.4
2020-12-01,44.0,11.0,31.0,1.4,335.0,10.0,31.0,1.4,1452.0,20.0,31.0,1.4,29.0,5.0,31.0,1.4,23.0,9.0,31.0,1.4,83.0,9.0,31.0,1.4,62.0,19.0,31.0,1.4,42.0,7.0,31.0,1.4,2293.0,15.0,31.0,1.4
2020-12-02,42.0,10.0,38.0,1.7,237.0,7.0,38.0,1.7,1348.0,18.0,38.0,1.7,31.0,6.0,38.0,1.7,39.0,13.0,38.0,1.7,140.0,11.0,38.0,1.7,69.0,16.0,38.0,1.7,35.0,6.0,38.0,1.7,2198.0,14.0,38.0,1.7
2020-12-03,34.0,13.0,35.0,1.5,356.0,10.0,35.0,1.5,1601.0,19.0,35.0,1.5,55.0,8.0,35.0,1.5,21.0,6.0,35.0,1.5,93.0,9.0,35.0,1.5,73.0,16.0,35.0,1.5,52.0,8.0,35.0,1.5,2316.0,14.0,35.0,1.5
2020-12-04,24.0,8.0,24.0,1.1,353.0,10.0,24.0,1.1,1117.0,19.0,24.0,1.1,45.0,11.0,24.0,1.1,17.0,5.0,24.0,1.1,136.0,17.0,24.0,1.1,59.0,19.0,24.0,1.1,30.0,8.0,24.0,1.1,2252.0,15.0,24.0,1.1
2020-12-05,7.0,3.0,35.0,1.9,195.0,7.0,35.0,1.9,1085.0,19.0,35.0,1.9,29.0,6.0,35.0,1.9,36.0,12.0,35.0,1.9,80.0,7.0,35.0,1.9,58.0,13.0,35.0,1.9,13.0,3.0,35.0,1.9,1888.0,14.0,35.0,1.9
2020-12-06,15.0,8.0,31.0,1.9,308.0,9.0,31.0,1.9,1442.0,19.0,31.0,1.9,51.0,8.0,31.0,1.9,18.0,7.0,31.0,1.9,37.0,6.0,31.0,1.9,54.0,17.0,31.0,1.9,22.0,5.0,31.0,1.9,1666.0,13.0,31.0,1.9
2020-12-07,23.0,18.0,36.0,1.6,292.0,8.0,36.0,1.6,1234.0,17.0,36.0,1.6,67.0,10.0,36.0,1.6,30.0,9.0,36.0,1.6,90.0,9.0,36.0,1.6,47.0,11.0,36.0,1.6,15.0,2.0,36.0,1.6,2198.0,15.0,36.0,1.6
2020-12-08,42.0,15.0,32.0,1.5,306.0,8.0,32.0,1.5,1365.0,19.0,32.0,1.5,64.0,9.0,32.0,1.5,20.0,6.0,32.0,1.5,124.0,10.0,32.0,1.5,60.0,15.0,32.0,1.5,23.0,5.0,32.0,1.5,2202.0,13.0,32.0,1.5
2020-12-09,22.0,6.0,24.0,1.1,289.0,7.0,24.0,1.1,972.0,14.0,24.0,1.1,46.0,6.0,24.0,1.1,29.0,9.0,24.0,1.1,97.0,7.0,24.0,1.1,67.0,16.0,24.0,1.1,47.0,6.0,24.0,1.1,2159.0,13.0,24.0,1.1
2020-12-10,29.0,7.0,37.0,2.0,260.0,8.0,37.0,2.0,1168.0,15.0,37.0,2.0,39.0,8.0,37.0,2.0,14.0,5.0,37.0,2.0,74.0,6.0,37.0,2.0,58.0,14.0,37.0,2.0,49.0,7.0,37.0,2.0,1861.0,11.0,37.0,2.0
2020-12-11,28.0,10.0,19.0,1.0,244.0,8.0,19.0,1.0,629.0,14.0,19.0,1.0,42.0,7.0,19.0,1.0,23.0,8.0,19.0,1.0,53.0,8.0,19.0,1.0,33.0,12.0,19.0,1.0,53.0,9.0,19.0,1.0,1884.0,12.0,19.0,1.0
2020-12-12,22.0,6.0,34.0,2.6,187.0,6.0,34.0,2.6,874.0,15.0,34.0,2.6,35.0,7.0,34.0,2.6,19.0,9.0,34.0,2.6,61.0,6.0,34.0,2.6,68.0,19.0,34.0,2.6,24.0,4.0,34.0,2.6,1329.0,11.0,34.0,2.6
2020-12-13,22.0,6.0,32.0,2.4,279.0,8.0,32.0,2.4,983.0,13.0,32.0,2.4,29.0,6.0,32.0,2.4,26.0,12.0,32.0,2.4,66.0,5.0,32.0,2.4,57.0,16.0,32.0,2.4,36.0,6.0,32.0,2.4,1355.0,11.0,32.0,2.4
2020-12-14,34.0,10.0,37.0,2.1,296.0,8.0,37.0,2.1,905.0,13.0,37.0,2.1,49.0,8.0,37.0,2.1,37.0,12.0,37.0,2.1,82.0,5.0,37.0,2.1,77.0,18.0,37.0,2.1,49.0,6.0,37.0,2.1,1799.0,11.0,37.0,2.1
2020-12-15,21.0,7.0,40.0,2.1,297.0,9.0,40.0,2.1,1057.0,14.0,40.0,2.1,33.0,6.0,40.0,2.1,30.0,13.0,40.0,2.1,95.0,9.0,40.0,2.1,60.0,14.0,40.0,2.1,23.0,4.0,40.0,2.1,1877.0,10.0,40.0,2.1
2020-12-16,20.0,6.0,27.0,1.7,184.0,5.0,27.0,1.7,604.0,11.0,27.0,1.7,33.0,6.0,27.0,1.7,16.0,6.0,27.0,1.7,80.0,5.0,27.0,1.7,57.0,11.0,27.0,1.7,33.0,4.0,27.0,1.7,1632.0,10.0,27.0,1.7
2020-12-17,17.0,9.0,36.0,3.2,127.0,4.0,36.0,3.2,829.0,13.0,36.0,3.2,45.0,8.0,36.0,3.2,23.0,11.0,36.0,3.2,57.0,6.0,36.0,3.2,55.0,15.0,36.0,3.2,19.0,4.0,36.0,3.2,1134.0,9.0,36.0,3.2
2020-12-18,29.0,9.0,25.0,1.9,241.0,6.0,25.0,1.9,603.0,11.0,25.0,1.9,8.0,2.0,25.0,1.9,9.0,5.0,25.0,1.9,57.0,5.0,25.0,1.9,40.0,13.0,25.0,1.9,25.0,4.0,25.0,1.9,1318.0,9.0,25.0,1.9
2020-12-19,17.0,5.0,25.0,2.0,214.0,6.0,25.0,2.0,706.0,12.0,25.0,2.0,34.0,7.0,25.0,2.0,14.0,6.0,25.0,2.0,90.0,8.0,25.0,2.0,30.0,10.0,25.0,2.0,14.0,2.0,25.0,2.0,1267.0,10.0,25.0,2.0
2020-12-20,23.0,7.0,38.0,3.3,186.0,6.0,38.0,3.3,747.0,11.0,38.0,3.3,31.0,6.0,38.0,3.3,29.0,12.0,38.0,3.3,51.0,9.0,38.0,3.3,38.0,14.0,38.0,3.3,23.0,5.0,38.0,3.3,1153.0,9.0,38.0,3.3
2020-12-21,14.0,5.0,32.0,2.2,223.0,6.0,32.0,2.2,690.0,11.0,32.0,2.2,30.0,7.0,32.0,2.2,20.0,7.0,32.0,2.2,44.0,4.0,32.0,2.2,51.0,13.0,32.0,2.2,14.0,3.0,32.0,2.2,1470.0,9.0,32.0,2.2
2020-12-22,23.0,8.0,17.0,1.3,226.0,8.0,17.0,1.3,739.0,11.0,17.0,1.3,18.0,3.0,17.0,1.3,18.0,7.0,17.0,1.3,60.0,4.0,17.0,1.3,34.0,11.0,17.0,1.3,19.0,3.0,17.0,1.3,1318.0,9.0,17.0,1.3
2020-12-23,19.0,8.0,30.0,2.2,199.0,7.0,30.0,2.2,678.0,12.0,30.0,2.2,29.0,5.0,30.0,2.2,21.0,11.0,30.0,2.2,57.0,5.0,30.0,2.2,27.0,12.0,30.0,2.2,68.0,12.0,30.0,2.2,1367.0,9.0,30.0,2.2
2020-12-24,8.0,3.0,19.0,1.5,173.0,6.0,19.0,1.5,663.0,11.0,19.0,1.5,26.0,4.0,19.0,1.5,23.0,12.0,19.0,1.5,54.0,6.0,19.0,1.5,40.0,10.0,19.0,1.5,14.0,2.0,19.0,1.5,1234.0,9.0,19.0,1.5
2020-12-25,15.0,6.0,20.0,1.7,132.0,5.0,20.0,1.7,402.0,9.0,20.0,1.7,30.0,6.0,20.0,1.7,13.0,8.0,20.0,1.7,63.0,7.0,20.0,1.7,9.0,5.0,20.0,1.7,6.0,1.0,20.0,1.7,1163.0,8.0,20.0,1.7
2020-12-26,16.0,7.0,30.0,3.6,188.0,6.0,30.0,3.6,550.0,11.0,30.0,3.6,32.0,6.0,30.0,3.6,13.0,7.0,30.0,3.6,42.0,4.0,30.0,3.6,36.0,14.0,30.0,3.6,19.0,3.0,30.0,3.6,834.0,8.0,30.0,3.6
2020-12-27,16.0,5.0,24.0,2.3,193.0,6.0,24.0,2.3,557.0,10.0,24.0,2.3,16.0,4.0,24.0,2.3,3.0,1.0,24.0,2.3,53.0,8.0,24.0,2.3,22.0,9.0,24.0,2.3,6.0,1.0,24.0,2.3,1049.0,8.0,24.0,2.3
2020-12-28,25.0,8.0,27.0,2.9,165.0,5.0,27.0,2.9,514.0,10.0,27.0,2.9,29.0,8.0,27.0,2.9,13.0,5.0,27.0,2.9,76.0,9.0,27.0,2.9,28.0,9.0,27.0,2.9,27.0,3.0,27.0,2.9,932.0,7.0,27.0,2.9
2020-12-29,20.0,7.0,30.0,2.5,206.0,6.0,30.0,2.5,521.0,9.0,30.0,2.5,23.0,4.0,30.0,2.5,11.0,5.0,30.0,2.5,73.0,7.0,30.0,2.5,22.0,8.0,30.0,2.5,17.0,2.0,30.0,2.5,1181.0,8.0,30.0,2.5
2020-12-30,14.0,4.0,22.0,1.8,137.0,5.0,22.0,1.8,512.0,11.0,22.0,1.8,13.0,3.0,22.0,1.8,16.0,8.0,22.0,1.8,68.0,9.0,22.0,1.8,16.0,7.0,22.0,1.8,29.0,4.0,22.0,1.8,1235.0,8.0,22.0,1.8
2020-12-31,34.0,6.0,28.0,2.8,193.0,7.0,28.0,2.8,493.0,10.0,28.0,2.8,21.0,5.0,28.0,2.8,10.0,6.0,28.0,2.8,57.0,5.0,28.0,2.8,27.0,9.0,28.0,2.8,15.0,4.0,28.0,2.8,1014.0,8.0,28.0,2.8
2021-01-01,5.0,3.0,17.0,1.7,95.0,4.0,17.0,1.7,300.0,9.0,17.0,1.7,7.0,2.0,17.0,1.7,7.0,4.0,17.0,1.7,29.0,6.0,17.0,1.7,23.0,10.0,17.0,1.7,10.0,3.0,17.0,1.7,990.0,8.0,17.0,1.7
2021-01-02,14.0,5.0,23.0,3.4,136.0,5.0,23.0,3.4,478.0,11.0,23.0,3.4,33.0,6.0,23.0,3.4,13.0,8.0,23.0,3.4,30.0,3.0,23.0,3.4,6.0,4.0,23.0,3.4,10.0,1.0,23.0,3.4,684.0,7.0,23.0,3.4
2021-01-03,7.0,4.0,27.0,3.2,182.0,6.0,27.0,3.2,517.0,10.0,27.0,3.2,11.0,2.0,27.0,3.2,13.0,7.0,27.0,3.2,65.0,12.0,27.0,3.2,16.0,7.0,27.0,3.2,6.0,2.0,27.0,3.2,835.0,8.0,27.0,3.2
2021-01-04,4.0,3.0,24.0,2.6,149.0,4.0,24.0,2.6,540.0,9.0,24.0,2.6,25.0,5.0,24.0,2.6,5.0,2.0,24.0,2.6,35.0,3.0,24.0,2.6,22.0,8.0,24.0,2.6,31.0,3.0,24.0,2.6,910.0,8.0,24.0,2.6
2021-01-05,13.0,5.0,20.0,2.0,132.0,5.0,20.0,2.0,406.0,7.0,20.0,2.0,28.0,4.0,20.0,2.0,9.0,3.0,20.0,2.0,53.0,4.0,20.0,2.0,21.0,7.0,20.0,2.0,25.0,5.0,20.0,2.0,991.0,7.0,20.0,2.0
2021-01-06,11.0,3.0,17.0,1.7,175.0,4.0,17.0,1.7,546.0,8.0,17.0,1.7,28.0,5.0,17.0,1.7,2.0,1.0,17.0,1.7,40.0,5.0,17.0,1.7,19.0,7.0,17.0,1.7,32.0,4.0,17.0,1.7,978.0,6.0,17.0,1.7
2021-01-07,20.0,5.0,31.0,3.1,190.0,5.0,31.0,3.1,431.0,8.0,31.0,3.1,23.0,3.0,31.0,3.1,12.0,4.0,31.0,3.1,25.0,3.0,31.0,3.1,26.0,6.0,31.0,3.1,32.0,4.0,31.0,3.1,1007.0,7.0,31.0,3.1
2021-01-08,16.0,4.0,16.0,2.0,126.0,4.0,16.0,2.0,341.0,8.0,16.0,2.0,25.0,4.0,16.0,2.0,8.0,3.0,16.0,2.0,25.0,4.0,16.0,2.0,27.0,7.0,16.0,2.0,12.0,2.0,16.0,2.0,785.0,6.0,16.0,2.0
2021-01-09,9.0,3.0,22.0,3.2,192.0,5.0,22.0,3.2,435.0,8.0,22.0,3.2,20.0,4.0,22.0,3.2,3.0,2.0,22.0,3.2,32.0,3.0,22.0,3.2,12.0,5.0,22.0,3.2,11.0,2.0,22.0,3.2,692.0,5.0,22.0,3.2
2021-01-10,10.0,3.0,25.0,2.3,153.0,4.0,25.0,2.3,487.0,9.0,25.0,2.3,19.0,4.0,25.0,2.3,14.0,5.0,25.0,2.3,43.0,4.0,25.0,2.3,25.0,7.0,25.0,2.3,14.0,2.0,25.0,2.3,1071.0,8.0,25.0,2.3
2021-01-11,7.0,2.0,22.0,2.6,106.0,3.0,22.0,2.6,360.0,7.0,22.0,2.6,32.0,5.0,22.0,2.6,8.0,2.0,22.0,2.6,27.0,2.0,22.0,2.6,12.0,3.0,22.0,2.6,23.0,2.0,22.0,2.6,849.0,6.0,22.0,2.6
2021-01-12,10.0,3.0,16.0,2.2,164.0,5.0,16.0,2.2,406.0,7.0,16.0,2.2,46.0,7.0,16.0,2.2,17.0,6.0,16.0,2.2,52.0,3.0,16.0,2.2,33.0,7.0,16.0,2.2,21.0,3.0,16.0,2.2,718.0,5.0,16.0,2.2
2021-01-13,12.0,3.0,14.0,1.6,130.0,3.0,14.0,1.6,445.0,8.0,14.0,1.6,16.0,3.0,14.0,1.6,11.0,3.0,14.0,1.6,45.0,3.0,14.0,1.6,19.0,5.0,14.0,1.6,15.0,2.0,14.0,1.6,890.0,6.0,14.0,1.6
2021-01-14,16.0,4.0,16.0,2.0,160.0,4.0,16.0,2.0,467.0,8.0,16.0,2.0,15.0,3.0,16.0,2.0,9.0,4.0,16.0,2.0,32.0,4.0,16.0,2.0,27.0,8.0,16.0,2.0,24.0,3.0,16.0,2.0,813.0,5.0,16.0,2.0
2021-01-15,10.0,3.0,13.0,1.7,92.0,3.0,13.0,1.7,323.0,7.0,13.0,1.7,36.0,5.0,13.0,1.7,5.0,2.0,13.0,1.7,21.0,2.0,13.0,1.7,22.0,8.0,13.0,1.7,9.0,2.0,13.0,1.7,762.0,6.0,13.0,1.7
2021-01-16,10.0,3.0,21.0,3.6,103.0,3.0,21.0,3.6,320.0,6.0,21.0,3.6,8.0,1.0,21.0,3.6,10.0,3.0,21.0,3.6,34.0,2.0,21.0,3.6,7.0,3.0,21.0,3.6,9.0,1.0,21.0,3.6,578.0,5.0,21.0,3.6
2021-01-17,16.0,4.0,23.0,4.0,120.0,4.0,23.0,4.0,442.0,7.0,23.0,4.0,27.0,6.0,23.0,4.0,10.0,4.0,23.0,4.0,30.0,5.0,23.0,4.0,15.0,6.0,23.0,4.0,16.0,2.0,23.0,4.0,569.0,4.0,23.0,4.0
2021-01-18,17.0,5.0,16.0,2.3,114.0,3.0,16.0,2.3,368.0,6.0,16.0,2.3,9.0,2.0,16.0,2.3,6.0,2.0,16.0,2.3,49.0,4.0,16.0,2.3,11.0,5.0,16.0,2.3,19.0,2.0,16.0,2.3,697.0,5.0,16.0,2.3
2021-01-19,9.0,3.0,20.0,2.8,127.0,3.0,20.0,2.8,339.0,6.0,20.0,2.8,21.0,3.0,20.0,2.8,8.0,3.0,20.0,2.8,62.0,4.0,20.0,2.8,9.0,3.0,20.0,2.8,11.0,1.0,20.0,2.8,702.0,5.0,20.0,2.8
2021-01-20,13.0,4.0,8.0,1.2,134.0,3.0,8.0,1.2,386.0,6.0,8.0,1.2,19.0,3.0,8.0,1.2,2.0,1.0,8.0,1.2,40.0,3.0,8.0,1.2,11.0,4.0,8.0,1.2,6.0,1.0,8.0,1.2,656.0,4.0,8.0,1.2
2021-01-21,4.0,1.0,16.0,2.7,140.0,3.0,16.0,2.7,318.0,6.0,16.0,2.7,14.0,3.0,16.0,2.7,6.0,3.0,16.0,2.7,41.0,4.0,16.0,2.7,19.0,7.0,16.0,2.7,28.0,4.0,16.0,2.7,584.0,4.0,16.0,2.7
2021-01-22,3.0,1.0,15.0,2.4,59.0,2.0,15.0,2.4,272.0,5.0,15.0,2.4,8.0,1.0,15.0,2.4,6.0,2.0,15.0,2.4,25.0,2.0,15.0,2.4,4.0,2.0,15.0,2.4,10.0,1.0,15.0,2.4,619.0,4.0,15.0,2.4
2021-01-23,11.0,4.0,22.0,5.0,92.0,2.0,22.0,5.0,289.0,6.0,22.0,5.0,29.0,5.0,22.0,5.0,9.0,5.0,22.0,5.0,18.0,2.0,22.0,5.0,15.0,4.0,22.0,5.0,12.0,2.0,22.0,5.0,436.0,4.0,22.0,5.0
2021-01-24,23.0,6.0,20.0,4.2,103.0,3.0,20.0,4.2,269.0,5.0,20.0,4.2,10.0,2.0,20.0,4.2,6.0,3.0,20.0,4.2,33.0,4.0,20.0,4.2,16.0,5.0,20.0,4.2,46.0,5.0,20.0,4.2,473.0,3.0,20.0,4.2
2021-01-25,6.0,2.0,18.0,3.0,104.0,2.0,18.0,3.0,288.0,5.0,18.0,3.0,8.0,1.0,18.0,3.0,10.0,3.0,18.0,3.0,26.0,3.0,18.0,3.0,8.0,3.0,18.0,3.0,31.0,3.0,18.0,3.0,602.0,4.0,18.0,3.0
2021-01-26,7.0,2.0,14.0,2.7,97.0,2.0,14.0,2.7,278.0,5.0,14.0,2.7,10.0,1.0,14.0,2.7,4.0,1.0,14.0,2.7,35.0,3.0,14.0,2.7,12.0,4.0,14.0,2.7,27.0,3.0,14.0,2.7,515.0,4.0,14.0,2.7
2021-01-27,7.0,2.0,17.0,3.2,101.0,2.0,17.0,3.2,281.0,4.0,17.0,3.2,6.0,1.0,17.0,3.2,3.0,1.0,17.0,3.2,32.0,3.0,17.0,3.2,6.0,2.0,17.0,3.2,12.0,1.0,17.0,3.2,528.0,3.0,17.0,3.2
2021-01-28,11.0,4.0,15.0,2.9,69.0,2.0,15.0,2.9,272.0,5.0,15.0,2.9,6.0,1.0,15.0,2.9,3.0,1.0,15.0,2.9,25.0,3.0,15.0,2.9,13.0,5.0,15.0,2.9,15.0,2.0,15.0,2.9,509.0,3.0,15.0,2.9
2021-01-29,9.0,3.0,7.0,1.5,60.0,2.0,7.0,1.5,226.0,5.0,7.0,1.5,11.0,2.0,7.0,1.5,4.0,2.0,7.0,1.5,17.0,2.0,7.0,1.5,11.0,4.0,7.0,1.5,7.0,1.0,7.0,1.5,454.0,4.0,7.0,1.5
2021-01-30,7.0,3.0,17.0,4.7,89.0,3.0,17.0,4.7,200.0,5.0,17.0,4.7,9.0,2.0,17.0,4.7,3.0,1.0,17.0,4.7,28.0,4.0,17.0,4.7,5.0,3.0,17.0,4.7,7.0,1.0,17.0,4.7,363.0,3.0,17.0,4.7
2021-01-31,8.0,3.0,16.0,4.3,75.0,2.0,16.0,4.3,260.0,5.0,16.0,4.3,7.0,1.0,16.0,4.3,6.0,3.0,16.0,4.3,22.0,4.0,16.0,4.3,2.0,1.0,16.0,4.3,17.0,2.0,16.0,4.3,369.0,3.0,16.0,4.3
2021-02-01,6.0,2.0,10.0,2.3,141.0,3.0,10.0,2.3,235.0,4.0,10.0,2.3,17.0,3.0,10.0,2.3,7.0,3.0,10.0,2.3,39.0,4.0,10.0,2.3,8.0,3.0,10.0,2.3,10.0,1.0,10.0,2.3,443.0,4.0,10.0,2.3
2021-02-02,9.0,2.0,12.0,2.3,98.0,3.0,12.0,2.3,243.0,4.0,12.0,2.3,13.0,2.0,12.0,2.3,10.0,4.0,12.0,2.3,29.0,2.0,12.0,2.3,7.0,3.0,12.0,2.3,5.0,1.0,12.0,2.3,525.0,4.0,12.0,2.3
2021-02-03,4.0,1.0,13.0,3.0,79.0,2.0,13.0,3.0,215.0,3.0,13.0,3.0,8.0,1.0,13.0,3.0,4.0,1.0,13.0,3.0,26.0,3.0,13.0,3.0,8.0,3.0,13.0,3.0,19.0,2.0,13.0,3.0,438.0,3.0,13.0,3.0
2021-02-04,9.0,2.0,13.0,2.7,128.0,3.0,13.0,2.7,251.0,4.0,13.0,2.7,15.0,2.0,13.0,2.7,5.0,2.0,13.0,2.7,34.0,4.0,13.0,2.7,7.0,3.0,13.0,2.7,16.0,2.0,13.0,2.7,485.0,3.0,13.0,2.7
2021-02-05,7.0,2.0,7.0,1.6,33.0,1.0,7.0,1.6,156.0,4.0,7.0,1.6,11.0,2.0,7.0,1.6,3.0,1.0,7.0,1.6,24.0,3.0,7.0,1.6,7.0,3.0,7.0,1.6,5.0,0.0,7.0,1.6,435.0,3.0,7.0,1.6
2021-02-06,7.0,2.0,8.0,2.6,76.0,2.0,8.0,2.6,156.0,3.0,8.0,2.6,5.0,1.0,8.0,2.6,3.0,1.0,8.0,2.6,21.0,2.0,8.0,2.6,2.0,1.0,8.0,2.6,1.0,0.0,8.0,2.6,305.0,3.0,8.0,2.6
2021-02-07,11.0,4.0,15.0,5.1,101.0,3.0,15.0,5.1,184.0,3.0,15.0,5.1,7.0,1.0,15.0,5.1,4.0,2.0,15.0,5.1,18.0,3.0,15.0,5.1,6.0,2.0,15.0,5.1,1.0,0.0,15.0,5.1,292.0,2.0,15.0,5.1
2021-02-08,9.0,3.0,16.0,5.1,100.0,2.0,16.0,5.1,215.0,4.0,16.0,5.1,11.0,2.0,16.0,5.1,5.0,2.0,16.0,5.1,19.0,2.0,16.0,5.1,4.0,2.0,16.0,5.1,4.0,0.0,16.0,5.1,316.0,2.0,16.0,5.1
2021-02-09,2.0,1.0,8.0,2.1,85.0,2.0,8.0,2.1,183.0,3.0,8.0,2.1,19.0,3.0,8.0,2.1,7.0,3.0,8.0,2.1,20.0,2.0,8.0,2.1,11.0,2.0,8.0,2.1,17.0,2.0,8.0,2.1,387.0,3.0,8.0,2.1
2021-02-10,5.0,1.0,10.0,2.6,85.0,2.0,10.0,2.6,231.0,4.0,10.0,2.6,16.0,2.0,10.0,2.6,7.0,2.0,10.0,2.6,15.0,1.0,10.0,2.6,6.0,2.0,10.0,2.6,14.0,1.0,10.0,2.6,388.0,3.0,10.0,2.6
2021-02-11,10.0,3.0,9.0,2.2,98.0,2.0,9.0,2.2,206.0,4.0,9.0,2.2,16.0,2.0,9.0,2.2,1.0,0.0,9.0,2.2,15.0,2.0,9.0,2.2,9.0,3.0,9.0,2.2,15.0,2.0,9.0,2.2,418.0,3.0,9.0,2.2
2021-02-12,9.0,3.0,5.0,1.2,70.0,2.0,5.0,1.2,171.0,4.0,5.0,1.2,19.0,3.0,5.0,1.2,4.0,2.0,5.0,1.2,17.0,2.0,5.0,1.2,6.0,3.0,5.0,1.2,12.0,1.0,5.0,1.2,404.0,3.0,5.0,1.2
2021-02-13,5.0,2.0,13.0,4.5,101.0,3.0,13.0,4.5,143.0,3.0,13.0,4.5,4.0,1.0,13.0,4.5,1.0,1.0,13.0,4.5,18.0,1.0,13.0,4.5,8.0,5.0,13.0,4.5,8.0,1.0,13.0,4.5,291.0,2.0,13.0,4.5
2021-02-14,5.0,1.0,8.0,2.5,96.0,2.0,8.0,2.5,208.0,4.0,8.0,2.5,6.0,1.0,8.0,2.5,20.0,7.0,8.0,2.5,18.0,3.0,8.0,2.5,8.0,2.0,8.0,2.5,16.0,2.0,8.0,2.5,326.0,3.0,8.0,2.5
2021-02-15,4.0,1.0,11.0,2.5,83.0,2.0,11.0,2.5,193.0,4.0,11.0,2.5,23.0,3.0,11.0,2.5,7.0,2.0,11.0,2.5,20.0,2.0,11.0,2.5,6.0,2.0,11.0,2.5,13.0,1.0,11.0,2.5,446.0,3.0,11.0,2.5
2021-02-16,4.0,1.0,13.0,3.3,108.0,3.0,13.0,3.3,229.0,3.0,13.0,3.3,5.0,1.0,13.0,3.3,7.0,3.0,13.0,3.3,27.0,2.0,13.0,3.3,5.0,2.0,13.0,3.3,11.0,1.0,13.0,3.3,396.0,3.0,13.0,3.3
2021-02-17,4.0,1.0,16.0,3.6,115.0,3.0,16.0,3.6,201.0,4.0,16.0,3.6,20.0,3.0,16.0,3.6,1.0,0.0,16.0,3.6,28.0,2.0,16.0,3.6,7.0,2.0,16.0,3.6,32.0,3.0,16.0,3.6,443.0,3.0,16.0,3.6
2021-02-18,3.0,1.0,15.0,3.8,97.0,2.0,15.0,3.8,195.0,3.0,15.0,3.8,14.0,2.0,15.0,3.8,2.0,1.0,15.0,3.8,23.0,2.0,15.0,3.8,3.0,1.0,15.0,3.8,11.0,1.0,15.0,3.8,391.0,3.0,15.0,3.8
2021-02-19,7.0,2.0,8.0,2.0,64.0,2.0,8.0,2.0,170.0,4.0,8.0,2.0,10.0,2.0,8.0,2.0,2.0,1.0,8.0,2.0,18.0,3.0,8.0,2.0,3.0,2.0,8.0,2.0,16.0,2.0,8.0,2.0,406.0,3.0,8.0,2.0
2021-02-20,4.0,1.0,5.0,1.4,65.0,2.0,5.0,1.4,128.0,3.0,5.0,1.4,22.0,4.0,5.0,1.4,1.0,0.0,5.0,1.4,30.0,2.0,5.0,1.4,3.0,2.0,5.0,1.4,10.0,1.0,5.0,1.4,350.0,3.0,5.0,1.4
2021-02-21,4.0,1.0,7.0,2.1,92.0,2.0,7.0,2.1,151.0,4.0,7.0,2.1,2.0,0.0,7.0,2.1,1.0,0.0,7.0,2.1,7.0,1.0,7.0,2.1,6.0,3.0,7.0,2.1,24.0,2.0,7.0,2.1,327.0,2.0,7.0,2.1
2021-02-22,6.0,2.0,7.0,1.9,98.0,2.0,7.0,1.9,192.0,4.0,7.0,1.9,16.0,2.0,7.0,1.9,2.0,1.0,7.0,1.9,16.0,2.0,7.0,1.9,4.0,2.0,7.0,1.9,10.0,1.0,7.0,1.9,366.0,3.0,7.0,1.9
2021-02-23,8.0,2.0,18.0,4.5,118.0,3.0,18.0,4.5,214.0,4.0,18.0,4.5,7.0,1.0,18.0,4.5,4.0,1.0,18.0,4.5,12.0,1.0,18.0,4.5,3.0,1.0,18.0,4.5,10.0,1.0,18.0,4.5,399.0,3.0,18.0,4.5
2021-02-24,2.0,1.0,5.0,1.2,103.0,2.0,5.0,1.2,228.0,4.0,5.0,1.2,14.0,2.0,5.0,1.2,0.0,0.5,5.0,1.2,14.0,1.0,5.0,1.2,7.0,2.0,5.0,1.2,12.0,1.0,5.0,1.2,428.0,3.0,5.0,1.2
2021-02-25,5.0,1.0,5.0,1.2,117.0,2.0,5.0,1.2,247.0,4.0,5.0,1.2,14.0,2.0,5.0,1.2,1.0,0.0,5.0,1.2,20.0,2.0,5.0,1.2,6.0,1.0,5.0,1.2,14.0,2.0,5.0,1.2,410.0,3.0,5.0,1.2
2021-02-26,3.0,1.0,11.0,2.3,98.0,2.0,11.0,2.3,203.0,4.0,11.0,2.3,9.0,2.0,11.0,2.3,1.0,0.0,11.0,2.3,13.0,1.0,11.0,2.3,1.0,1.0,11.0,2.3,12.0,1.0,11.0,2.3,470.0,3.0,11.0,2.3
2021-02-27,7.0,2.0,5.0,1.2,82.0,2.0,5.0,1.2,240.0,6.0,5.0,1.2,5.0,1.0,5.0,1.2,4.0,2.0,5.0,1.2,8.0,1.0,5.0,1.2,6.0,3.0,5.0,1.2,26.0,2.0,5.0,1.2,407.0,3.0,5.0,1.2
2021-02-28,5.0,2.0,8.0,2.1,155.0,3.0,8.0,2.1,302.0,5.0,8.0,2.1,8.0,1.0,8.0,2.1,4.0,1.0,8.0,2.1,17.0,3.0,8.0,2.1,2.0,1.0,8.0,2.1,22.0,2.0,8.0,2.1,385.0,3.0,8.0,2.1
2021-03-01,7.0,2.0,8.0,1.4,143.0,3.0,8.0,1.4,304.0,5.0,8.0,1.4,10.0,1.0,8.0,1.4,7.0,3.0,8.0,1.4,13.0,1.0,8.0,1.4,6.0,2.0,8.0,1.4,18.0,2.0,8.0,1.4,585.0,4.0,8.0,1.4
2021-03-02,4.0,1.0,7.0,1.4,133.0,3.0,7.0,1.4,364.0,6.0,7.0,1.4,10.0,1.0,7.0,1.4,2.0,1.0,7.0,1.4,18.0,1.0,7.0,1.4,4.0,2.0,7.0,1.4,7.0,1.0,7.0,1.4,515.0,3.0,7.0,1.4
2021-03-03,10.0,2.0,5.0,0.8,147.0,3.0,5.0,0.8,385.0,6.0,5.0,0.8,9.0,1.0,5.0,0.8,3.0,1.0,5.0,0.8,10.0,1.0,5.0,0.8,5.0,2.0,5.0,0.8,30.0,3.0,5.0,0.8,614.0,4.0,5.0,0.8
2021-03-04,8.0,2.0,7.0,1.1,150.0,4.0,7.0,1.1,319.0,6.0,7.0,1.1,13.0,2.0,7.0,1.1,4.0,2.0,7.0,1.1,26.0,3.0,7.0,1.1,7.0,3.0,7.0,1.1,21.0,2.0,7.0,1.1,619.0,4.0,7.0,1.1
2021-03-05,5.0,2.0,6.0,0.9,100.0,3.0,6.0,0.9,262.0,6.0,6.0,0.9,11.0,2.0,6.0,0.9,9.0,3.0,6.0,0.9,16.0,2.0,6.0,0.9,9.0,3.0,6.0,0.9,19.0,2.0,6.0,0.9,635.0,5.0,6.0,0.9
2021-03-06,7.0,3.0,10.0,1.9,133.0,3.0,10.0,1.9,353.0,7.0,10.0,1.9,6.0,1.0,10.0,1.9,8.0,4.0,10.0,1.9,20.0,2.0,10.0,1.9,5.0,2.0,10.0,1.9,21.0,2.0,10.0,1.9,540.0,4.0,10.0,1.9
2021-03-07,7.0,2.0,11.0,1.8,180.0,4.0,11.0,1.8,478.0,8.0,11.0,1.8,9.0,1.0,11.0,1.8,4.0,1.0,11.0,1.8,26.0,3.0,11.0,1.8,4.0,2.0,11.0,1.8,32.0,2.0,11.0,1.8,606.0,4.0,11.0,1.8
2021-03-08,10.0,3.0,14.0,1.7,168.0,3.0,14.0,1.7,517.0,8.0,14.0,1.7,16.0,2.0,14.0,1.7,9.0,3.0,14.0,1.7,16.0,1.0,14.0,1.7,12.0,4.0,14.0,1.7,5.0,0.0,14.0,1.7,845.0,5.0,14.0,1.7
2021-03-09,12.0,3.0,13.0,1.4,160.0,3.0,13.0,1.4,633.0,10.0,13.0,1.4,17.0,2.0,13.0,1.4,6.0,2.0,13.0,1.4,26.0,2.0,13.0,1.4,16.0,6.0,13.0,1.4,23.0,2.0,13.0,1.4,912.0,5.0,13.0,1.4
2021-03-10,10.0,2.0,7.0,0.7,211.0,4.0,7.0,0.7,583.0,8.0,7.0,0.7,16.0,2.0,7.0,0.7,12.0,4.0,7.0,0.7,26.0,2.0,7.0,0.7,17.0,5.0,7.0,0.7,38.0,3.0,7.0,0.7,1018.0,6.0,7.0,0.7
2021-03-11,13.0,3.0,6.0,0.6,199.0,4.0,6.0,0.6,703.0,11.0,6.0,0.6,22.0,3.0,6.0,0.6,10.0,4.0,6.0,0.6,37.0,2.0,6.0,0.6,17.0,5.0,6.0,0.6,19.0,1.0,6.0,0.6,1051.0,6.0,6.0,0.6
2021-03-12,9.0,3.0,13.0,1.2,148.0,4.0,13.0,1.2,597.0,11.0,13.0,1.2,9.0,2.0,13.0,1.2,4.0,2.0,13.0,1.2,19.0,2.0,13.0,1.2,9.0,5.0,13.0,1.2,19.0,2.0,13.0,1.2,1066.0,7.0,13.0,1.2
2021-03-13,10.0,3.0,12.0,1.2,205.0,4.0,12.0,1.2,736.0,12.0,12.0,1.2,39.0,6.0,12.0,1.2,3.0,1.0,12.0,1.2,30.0,2.0,12.0,1.2,8.0,3.0,12.0,1.2,24.0,2.0,12.0,1.2,1014.0,6.0,12.0,1.2
2021-03-14,19.0,5.0,18.0,1.6,287.0,6.0,18.0,1.6,1090.0,14.0,18.0,1.6,21.0,3.0,18.0,1.6,8.0,3.0,18.0,1.6,31.0,4.0,18.0,1.6,26.0,7.0,18.0,1.6,44.0,3.0,18.0,1.6,1159.0,7.0,18.0,1.6
2021-03-15,23.0,6.0,26.0,1.5,267.0,5.0,26.0,1.5,1074.0,13.0,26.0,1.5,46.0,5.0,26.0,1.5,3.0,1.0,26.0,1.5,40.0,2.0,26.0,1.5,24.0,5.0,26.0,1.5,34.0,3.0,26.0,1.5,1773.0,9.0,26.0,1.5
2021-03-16,24.0,4.0,26.0,1.5,243.0,5.0,26.0,1.5,1205.0,13.0,26.0,1.5,42.0,5.0,26.0,1.5,8.0,2.0,26.0,1.5,40.0,3.0,26.0,1.5,18.0,4.0,26.0,1.5,36.0,3.0,26.0,1.5,1719.0,8.0,26.0,1.5
2021-03-17,27.0,6.0,11.0,0.6,260.0,5.0,11.0,0.6,1210.0,15.0,11.0,0.6,46.0,6.0,11.0,0.6,12.0,3.0,11.0,0.6,54.0,4.0,11.0,0.6,26.0,6.0,11.0,0.6,59.0,4.0,11.0,0.6,1865.0,8.0,11.0,0.6
2021-03-18,33.0,7.0,16.0,0.7,343.0,7.0,16.0,0.7,1337.0,16.0,16.0,0.7,32.0,4.0,16.0,0.7,11.0,3.0,16.0,0.7,69.0,7.0,16.0,0.7,24.0,6.0,16.0,0.7,62.0,5.0,16.0,0.7,2187.0,10.0,16.0,0.7
2021-03-19,19.0,4.0,18.0,0.9,270.0,6.0,18.0,0.9,1203.0,16.0,18.0,0.9,29.0,4.0,18.0,0.9,13.0,4.0,18.0,0.9,89.0,6.0,18.0,0.9,12.0,4.0,18.0,0.9,28.0,2.0,18.0,0.9,1899.0,10.0,18.0,0.9
2021-03-20,17.0,5.0,26.0,1.4,270.0,6.0,26.0,1.4,1321.0,17.0,26.0,1.4,36.0,5.0,26.0,1.4,17.0,6.0,26.0,1.4,54.0,5.0,26.0,1.4,11.0,3.0,26.0,1.4,29.0,2.0,26.0,1.4,1868.0,9.0,26.0,1.4
2021-03-21,47.0,10.0,22.0,1.0,385.0,7.0,22.0,1.0,1561.0,16.0,22.0,1.0,52.0,6.0,22.0,1.0,29.0,6.0,22.0,1.0,56.0,5.0,22.0,1.0,17.0,5.0,22.0,1.0,94.0,7.0,22.0,1.0,2172.0,10.0,22.0,1.0
2021-03-22,55.0,11.0,30.0,1.1,541.0,9.0,30.0,1.1,2235.0,20.0,30.0,1.1,52.0,6.0,30.0,1.1,26.0,7.0,30.0,1.1,103.0,8.0,30.0,1.1,24.0,6.0,30.0,1.1,107.0,6.0,30.0,1.1,2809.0,11.0,30.0,1.1
2021-03-23,58.0,11.0,18.0,0.5,439.0,8.0,18.0,0.5,2197.0,20.0,18.0,0.5,61.0,6.0,18.0,0.5,27.0,7.0,18.0,0.5,82.0,5.0,18.0,0.5,36.0,6.0,18.0,0.5,78.0,5.0,18.0,0.5,3554.0,14.0,18.0,0.5
2021-03-24,55.0,8.0,25.0,0.7,397.0,7.0,25.0,0.7,2356.0,20.0,25.0,0.7,64.0,5.0,25.0,0.7,34.0,7.0,25.0,0.7,126.0,7.0,25.0,0.7,55.0,11.0,25.0,0.7,91.0,6.0,25.0,0.7,3567.0,13.0,25.0,0.7
2021-03-25,49.0,8.0,34.0,0.9,604.0,9.0,34.0,0.9,2427.75,19.0,34.0,0.9,61.0,7.0,34.0,0.9,25.0,5.0,34.0,0.9,88.0,6.0,34.0,0.9,57.0,9.0,34.0,0.9,82.0,5.0,34.0,0.9,3587.0,13.0,34.0,0.9
2021-03-26,30.0,6.0,33.0,0.9,426.0,8.0,33.0,0.9,2167.0,23.0,33.0,0.9,84.0,9.0,33.0,0.9,24.0,5.0,33.0,0.9,84.0,7.0,33.0,0.9,25.0,7.0,33.0,0.9,59.0,5.0,33.0,0.9,3737.0,14.0,33.0,0.9
2021-03-27,53.0,11.0,39.0,1.1,420.0,8.0,39.0,1.1,2427.75,26.0,39.0,1.1,23.0,4.0,39.0,1.1,25.0,9.0,39.0,1.1,123.0,12.0,39.0,1.1,49.0,12.0,39.0,1.1,60.0,5.0,39.0,1.1,3674.0,15.0,39.0,1.1
2021-03-28,80.0,16.0,35.0,0.9,599.0,10.0,35.0,0.9,2427.75,25.0,35.0,0.9,123.0,15.0,35.0,0.9,36.0,9.0,35.0,0.9,96.0,7.0,35.0,0.9,38.0,10.0,35.0,0.9,122.0,9.0,35.0,0.9,3908.0,18.0,35.0,0.9
2021-03-29,80.0,18.0,45.0,0.9,585.0,11.0,45.0,0.9,2427.75,26.0,45.0,0.9,84.0,8.0,45.0,0.9,35.0,9.0,45.0,0.9,133.0,9.0,45.0,0.9,47.0,12.0,45.0,0.9,116.0,8.0,45.0,0.9,5181.0,18.0,45.0,0.9
2021-03-30,69.0,14.0,45.0,0.9,636.0,12.0,45.0,0.9,2427.75,29.0,45.0,0.9,93.0,9.0,45.0,0.9,58.0,12.0,45.0,0.9,163.0,11.0,45.0,0.9,54.0,15.0,45.0,0.9,94.0,7.0,45.0,0.9,5042.0,19.0,45.0,0.9
2021-03-31,82.0,15.0,52.0,1.0,682.0,12.0,52.0,1.0,2427.75,31.0,52.0,1.0,56.0,8.0,52.0,1.0,51.0,14.0,52.0,1.0,147.0,10.0,52.0,1.0,47.0,10.0,52.0,1.0,116.0,9.0,52.0,1.0,5358.0,20.0,52.0,1.0
2021-04-01,113.0,19.0,59.0,0.9,782.5,16.0,59.0,0.9,2427.75,29.0,59.0,0.9,135.0,14.0,59.0,0.9,51.0,12.0,59.0,0.9,157.0,10.0,59.0,0.9,44.0,11.0,59.0,0.9,138.0,11.0,59.0,0.9,5396.5,23.0,59.0,0.9
2021-04-02,89.0,19.0,50.0,0.7,605.0,12.0,50.0,0.7,2427.75,31.0,50.0,0.7,160.0,22.0,50.0,0.7,51.0,12.0,50.0,0.7,121.0,11.0,50.0,0.7,51.0,13.0,50.0,0.7,93.0,7.0,50.0,0.7,5396.5,23.0,50.0,0.7
2021-04-03,120.0,20.0,58.0,1.0,782.5,13.0,58.0,1.0,2427.75,30.0,58.0,1.0,139.0,17.0,58.0,1.0,60.0,12.0,58.0,1.0,180.0,15.0,58.0,1.0,71.0,15.0,58.0,1.0,77.0,6.0,58.0,1.0,5396.5,24.0,58.0,1.0
2021-04-04,120.0,20.0,53.0,0.7,782.5,14.0,53.0,0.7,2427.75,28.0,53.0,0.7,158.0,19.0,53.0,0.7,77.0,13.0,53.0,0.7,193.0,12.0,53.0,0.7,49.0,9.0,53.0,0.7,124.0,8.0,53.0,0.7,5396.5,23.0,53.0,0.7
2021-04-05,155.0,24.0,52.0,0.7,782.5,13.0,52.0,0.7,2427.75,29.0,52.0,0.7,165.0,14.0,52.0,0.7,82.0,19.0,52.0,0.7,195.0,9.0,52.0,0.7,73.0,15.0,52.0,0.7,138.0,8.0,52.0,0.7,5396.5,23.0,52.0,0.7
2021-04-06,155.0,27.0,66.0,0.9,782.5,16.0,66.0,0.9,2427.75,29.0,66.0,0.9,195.0,19.0,66.0,0.9,96.0,23.0,66.0,0.9,213.0,10.0,66.0,0.9,106.0,21.0,66.0,0.9,188.0,11.0,66.0,0.9,5396.5,21.0,66.0,0.9
2021-04-07,155.0,24.0,63.0,0.8,782.5,15.0,63.0,0.8,2427.75,27.0,63.0,0.8,175.0,17.0,63.0,0.8,96.0,18.0,63.0,0.8,267.0,18.0,63.0,0.8,82.0,17.0,63.0,0.8,159.0,10.0,63.0,0.8,5396.5,22.0,63.0,0.8
2021-04-08,104.0,17.0,73.5,1.1,782.5,16.0,73.5,1.1,2427.75,28.0,73.5,1.1,238.0,22.0,73.5,1.1,71.0,14.0,73.5,1.1,248.0,17.0,73.5,1.1,87.0,18.0,73.5,1.1,160.0,11.0,73.5,1.1,5396.5,21.0,73.5,1.1
2021-04-09,111.0,24.0,63.0,0.8,782.5,13.0,63.0,0.8,2427.75,27.0,63.0,0.8,230.0,20.0,63.0,0.8,54.0,12.0,63.0,0.8,226.0,14.0,63.0,0.8,72.0,16.0,63.0,0.8,188.0,17.0,63.0,0.8,5396.5,24.0,63.0,0.8
2021-04-10,121.0,24.0,73.5,1.4,740.0,13.0,73.5,1.4,2427.75,27.0,73.5,1.4,106.0,18.0,73.5,1.4,51.0,10.0,73.5,1.4,310.0,19.0,73.5,1.4,73.0,15.0,73.5,1.4,144.0,10.0,73.5,1.4,5343.0,20.0,73.5,1.4
2021-04-11,150.0,23.0,73.5,1.3,782.5,15.0,73.5,1.3,2427.75,24.0,73.5,1.3,208.0,18.0,73.5,1.3,67.0,13.0,73.5,1.3,213.0,21.0,73.5,1.3,90.0,18.0,73.5,1.3,134.0,10.0,73.5,1.3,5396.5,20.0,73.5,1.3
2021-04-12,109.0,19.0,73.5,1.2,782.5,12.0,73.5,1.2,2427.75,23.0,73.5,1.2,253.0,20.0,73.5,1.2,66.0,11.0,73.5,1.2,279.0,17.0,73.5,1.2,76.0,15.0,73.5,1.2,149.0,11.0,73.5,1.2,5396.5,21.0,73.5,1.2
2021-04-13,143.0,33.0,69.0,1.1,766.0,18.0,69.0,1.1,2427.75,26.0,69.0,1.1,212.0,20.0,69.0,1.1,96.0,17.0,69.0,1.1,313.0,16.0,69.0,1.1,58.0,14.0,69.0,1.1,169.0,22.0,69.0,1.1,5396.5,18.0,69.0,1.1
2021-04-14,107.0,26.0,73.5,1.9,499.0,19.0,73.5,1.9,2427.75,26.0,73.5,1.9,237.0,22.0,73.5,1.9,96.0,35.0,73.5,1.9,232.0,15.0,73.5,1.9,59.0,15.0,73.5,1.9,70.0,21.0,73.5,1.9,5185.0,21.0,73.5,1.9
2021-04-15,66.0,18.0,73.5,2.2,613.0,25.0,73.5,2.2,2427.75,25.0,73.5,2.2,80.0,13.0,73.5,2.2,81.0,36.0,73.5,2.2,184.0,16.0,73.5,2.2,85.0,22.0,73.5,2.2,103.0,28.0,73.5,2.2,4192.0,21.0,73.5,2.2
2021-04-16,115.0,20.0,73.5,2.3,498.0,19.0,73.5,2.3,2105.0,23.0,73.5,2.3,188.0,16.0,73.5,2.3,69.0,18.0,73.5,2.3,220.0,19.0,73.5,2.3,68.0,16.0,73.5,2.3,67.0,20.0,73.5,2.3,4417.0,23.0,73.5,2.3
2021-04-17,135.0,31.0,73.5,2.9,514.0,18.0,73.5,2.9,2156.0,22.0,73.5,2.9,113.0,19.0,73.5,2.9,64.0,18.0,73.5,2.9,210.0,22.0,73.5,2.9,75.0,18.0,73.5,2.9,85.0,17.0,73.5,2.9,3473.0,21.0,73.5,2.9
2021-04-18,155.0,25.0,73.5,2.8,778.0,15.0,73.5,2.8,2427.75,20.0,73.5,2.8,175.0,19.0,73.5,2.8,78.0,14.0,73.5,2.8,240.0,22.0,73.5,2.8,83.0,18.0,73.5,2.8,142.0,18.0,73.5,2.8,3698.0,19.0,73.5,2.8
2021-04-19,99.0,19.0,73.5,2.6,703.0,13.0,73.5,2.6,2386.0,19.0,73.5,2.6,187.0,17.0,73.5,2.6,30.0,7.0,73.5,2.6,218.0,16.0,73.5,2.6,85.0,18.0,73.5,2.6,146.0,14.0,73.5,2.6,4271.0,18.0,73.5,2.6
2021-04-20,150.0,30.0,73.5,2.0,735.0,13.0,73.5,2.0,2427.75,18.0,73.5,2.0,242.0,19.0,73.5,2.0,80.0,16.0,73.5,2.0,246.0,12.0,73.5,2.0,89.0,20.0,73.5,2.0,156.0,13.0,73.5,2.0,4559.0,17.0,73.5,2.0
2021-04-21,126.0,26.0,73.5,2.2,679.0,12.0,73.5,2.2,2425.0,19.0,73.5,2.2,154.0,14.0,73.5,2.2,87.0,14.0,73.5,2.2,246.0,13.0,73.5,2.2,72.0,16.0,73.5,2.2,146.0,13.0,73.5,2.2,4280.0,15.0,73.5,2.2
2021-04-22,82.0,15.0,73.5,2.4,706.0,13.0,73.5,2.4,1853.0,17.0,73.5,2.4,106.0,12.0,73.5,2.4,35.0,7.0,73.5,2.4,184.0,11.0,73.5,2.4,63.0,13.0,73.5,2.4,149.0,16.0,73.5,2.4,4014.0,15.0,73.5,2.4
2021-04-23,92.0,23.0,73.5,2.4,498.0,12.0,73.5,2.4,1432.0,14.0,73.5,2.4,186.0,21.0,73.5,2.4,27.0,8.0,73.5,2.4,168.0,11.0,73.5,2.4,71.0,20.0,73.5,2.4,132.0,13.0,73.5,2.4,3629.0,14.0,73.5,2.4
2021-04-24,91.0,23.0,73.5,3.1,405.0,12.0,73.5,3.1,1313.0,15.0,73.5,3.1,100.0,21.0,73.5,3.1,32.0,13.0,73.5,3.1,145.0,12.0,73.5,3.1,18.0,5.0,73.5,3.1,32.0,5.0,73.5,3.1,2697.0,13.0,73.5,3.1
2021-04-25,77.0,15.0,73.5,3.5,507.0,10.0,73.5,3.5,2012.0,16.0,73.5,3.5,163.0,16.0,73.5,3.5,49.0,8.0,73.5,3.5,202.0,14.0,73.5,3.5,69.0,17.0,73.5,3.5,92.0,8.0,73.5,3.5,2922.0,13.0,73.5,3.5
2021-04-26,83.0,17.0,73.5,2.9,690.0,12.0,73.5,2.9,1806.0,14.0,73.5,2.9,86.0,10.0,73.5,2.9,49.0,9.0,73.5,2.9,181.0,10.0,73.5,2.9,53.0,15.0,73.5,2.9,92.0,9.0,73.5,2.9,3306.0,13.0,73.5,2.9
2021-04-27,95.0,21.0,73.5,2.6,612.0,11.0,73.5,2.6,1454.0,12.0,73.5,2.6,161.0,16.0,73.5,2.6,47.0,10.0,73.5,2.6,124.0,7.0,73.5,2.6,58.0,13.0,73.5,2.6,94.0,9.0,73.5,2.6,3031.0,13.0,73.5,2.6
2021-04-28,81.0,18.0,73.5,2.6,481.0,10.0,73.5,2.6,1369.0,11.0,73.5,2.6,83.0,12.0,73.5,2.6,57.0,11.0,73.5,2.6,177.0,12.0,73.5,2.6,52.0,11.0,73.5,2.6,114.0,14.0,73.5,2.6,2955.0,10.0,73.5,2.6
2021-04-29,58.0,13.0,73.5,3.8,522.0,10.0,73.5,3.8,1189.0,12.0,73.5,3.8,148.0,15.0,73.5,3.8,42.0,10.0,73.5,3.8,141.0,13.0,73.5,3.8,56.0,13.0,73.5,3.8,101.0,8.0,73.5,3.8,2341.0,9.0,73.5,3.8
2021-04-30,57.0,15.0,57.0,2.6,379.0,10.0,57.0,2.6,761.0,10.0,57.0,2.6,108.0,15.0,57.0,2.6,25.0,7.0,57.0,2.6,121.0,8.0,57.0,2.6,32.0,14.0,57.0,2.6,57.0,7.0,57.0,2.6,2177.0,10.0,57.0,2.6
2021-05-01,62.0,10.0,60.0,4.1,242.0,7.0,60.0,4.1,811.0,11.0,60.0,4.1,45.0,9.0,60.0,4.1,19.0,6.0,60.0,4.1,94.0,9.0,60.0,4.1,46.0,14.0,60.0,4.1,60.0,8.0,60.0,4.1,1452.0,10.0,60.0,4.1
2021-05-02,83.0,15.0,69.0,5.1,332.0,8.0,69.0,5.1,733.0,9.0,69.0,5.1,64.0,13.0,69.0,5.1,25.0,7.0,69.0,5.1,131.0,9.0,69.0,5.1,30.0,14.0,69.0,5.1,72.0,9.0,69.0,5.1,1359.0,10.0,69.0,5.1
2021-05-03,49.0,11.0,65.0,3.7,468.0,10.0,65.0,3.7,900.0,10.0,65.0,3.7,141.0,15.0,65.0,3.7,31.0,8.0,65.0,3.7,131.0,8.0,65.0,3.7,49.0,16.0,65.0,3.7,113.0,11.0,65.0,3.7,1739.0,9.0,65.0,3.7
2021-05-04,52.0,12.0,61.0,3.2,377.0,8.0,61.0,3.2,860.0,10.0,61.0,3.2,84.0,11.0,61.0,3.2,65.0,12.0,61.0,3.2,116.0,6.0,61.0,3.2,58.0,13.0,61.0,3.2,105.0,10.0,61.0,3.2,1914.0,9.0,61.0,3.2
2021-05-05,65.0,13.0,50.0,2.9,499.0,11.0,50.0,2.9,869.0,9.0,50.0,2.9,77.0,11.0,50.0,2.9,59.0,11.0,50.0,2.9,129.0,7.0,50.0,2.9,32.0,9.0,50.0,2.9,91.0,10.0,50.0,2.9,1742.0,9.0,50.0,2.9
2021-05-06,33.0,8.0,41.0,2.3,439.0,9.0,41.0,2.3,968.0,11.0,41.0,2.3,51.0,9.0,41.0,2.3,30.0,7.0,41.0,2.3,98.0,8.0,41.0,2.3,22.0,8.0,41.0,2.3,83.0,8.0,41.0,2.3,1822.0,8.0,41.0,2.3
2021-05-07,61.0,16.0,37.0,2.2,300.0,8.0,37.0,2.2,506.0,8.0,37.0,2.2,77.0,10.0,37.0,2.2,51.0,15.0,37.0,2.2,84.0,6.0,37.0,2.2,39.0,10.0,37.0,2.2,68.0,7.0,37.0,2.2,1682.0,10.0,37.0,2.2
2021-05-08,34.0,6.0,45.0,3.5,310.0,9.0,45.0,3.5,644.0,10.0,45.0,3.5,59.0,13.0,45.0,3.5,37.0,10.0,45.0,3.5,97.0,8.0,45.0,3.5,20.0,10.0,45.0,3.5,57.0,7.0,45.0,3.5,1285.0,9.0,45.0,3.5
2021-05-09,26.0,5.0,56.0,4.0,429.0,10.0,56.0,4.0,677.0,9.0,56.0,4.0,89.0,11.0,56.0,4.0,33.0,9.0,56.0,4.0,84.0,9.0,56.0,4.0,37.0,13.0,56.0,4.0,99.0,10.0,56.0,4.0,1386.0,8.0,56.0,4.0
2021-05-10,45.0,11.0,38.0,2.5,300.0,8.0,38.0,2.5,526.0,9.0,38.0,2.5,96.0,13.0,38.0,2.5,16.0,5.0,38.0,2.5,94.0,17.0,38.0,2.5,37.0,14.0,38.0,2.5,188.0,13.0,38.0,2.5,1514.0,9.0,38.0,2.5
2021-05-11,30.0,8.0,33.0,2.7,306.0,8.0,33.0,2.7,499.0,7.0,33.0,2.7,51.0,10.0,33.0,2.7,32.0,10.0,33.0,2.7,108.0,9.0,33.0,2.7,24.0,11.0,33.0,2.7,91.0,8.0,33.0,2.7,1230.0,9.0,33.0,2.7
2021-05-12,38.0,13.0,40.0,3.5,409.0,12.0,40.0,3.5,458.0,9.0,40.0,3.5,93.0,15.0,40.0,3.5,22.0,9.0,40.0,3.5,86.0,5.0,40.0,3.5,39.0,16.0,40.0,3.5,58.0,14.0,40.0,3.5,1140.0,7.0,40.0,3.5
2021-05-13,33.0,13.0,31.0,2.4,265.0,11.0,31.0,2.4,343.0,9.0,31.0,2.4,73.0,21.0,31.0,2.4,11.0,5.0,31.0,2.4,96.0,13.0,31.0,2.4,21.0,12.0,31.0,2.4,58.0,14.0,31.0,2.4,1290.0,10.0,31.0,2.4
2021-05-14,25.0,20.0,26.0,3.1,85.0,7.0,26.0,3.1,89.0,6.0,26.0,3.1,17.0,35.0,26.0,3.1,4.0,3.0,26.0,3.1,52.0,19.0,26.0,3.1,0.0,9.5,26.0,3.1,17.0,8.0,26.0,3.1,848.0,11.0,26.0,3.1
2021-05-15,10.0,8.0,22.0,8.4,84.0,5.0,22.0,8.4,141.0,5.0,22.0,8.4,26.0,13.0,22.0,8.4,8.0,9.0,22.0,8.4,56.0,23.0,22.0,8.4,9.0,7.0,22.0,8.4,13.0,4.0,22.0,8.4,261.0,7.0,22.0,8.4
2021-05-16,25.0,11.0,25.0,6.9,169.0,7.0,25.0,6.9,262.0,5.0,25.0,6.9,53.0,20.0,25.0,6.9,13.0,8.0,25.0,6.9,67.0,27.0,25.0,6.9,22.0,14.0,25.0,6.9,51.0,12.0,25.0,6.9,363.0,7.0,25.0,6.9
2021-05-17,47.0,13.0,32.0,4.6,356.0,9.0,32.0,4.6,461.0,6.0,32.0,4.6,100.0,15.0,32.0,4.6,14.0,5.0,32.0,4.6,115.0,16.0,32.0,4.6,35.0,15.0,32.0,4.6,67.0,8.0,32.0,4.6,698.0,7.0,32.0,4.6
2021-05-18,32.0,8.0,30.0,2.4,456.0,9.0,30.0,2.4,481.0,6.0,30.0,2.4,157.0,17.0,30.0,2.4,19.0,5.0,30.0,2.4,151.0,9.0,30.0,2.4,33.0,14.0,30.0,2.4,110.0,16.0,30.0,2.4,1272.0,8.0,30.0,2.4
2021-05-19,21.0,6.0,37.0,2.3,391.0,13.0,37.0,2.3,446.0,5.0,37.0,2.3,147.0,16.0,37.0,2.3,25.0,5.0,37.0,2.3,122.0,8.0,37.0,2.3,57.0,13.0,37.0,2.3,76.0,13.0,37.0,2.3,1608.0,8.0,37.0,2.3
2021-05-20,37.0,9.0,36.0,2.5,359.0,9.0,36.0,2.5,508.0,7.0,36.0,2.5,155.0,17.0,36.0,2.5,17.0,4.0,36.0,2.5,163.0,10.0,36.0,2.5,51.0,13.0,36.0,2.5,102.0,15.0,36.0,2.5,1457.0,7.0,36.0,2.5
2021-05-21,28.0,8.0,26.0,1.7,281.0,11.0,26.0,1.7,338.0,7.0,26.0,1.7,100.0,14.0,26.0,1.7,22.0,7.0,26.0,1.7,118.0,7.0,26.0,1.7,47.0,12.0,26.0,1.7,78.0,12.0,26.0,1.7,1504.0,8.0,26.0,1.7
2021-05-22,25.0,7.0,38.0,3.7,334.0,12.0,38.0,3.7,374.0,6.0,38.0,3.7,74.0,20.0,38.0,3.7,18.0,5.0,38.0,3.7,139.0,10.0,38.0,3.7,33.0,12.0,38.0,3.7,42.0,11.0,38.0,3.7,1028.0,8.0,38.0,3.7
2021-05-23,29.0,8.0,28.0,2.1,409.0,12.0,28.0,2.1,474.0,6.0,28.0,2.1,127.0,15.0,28.0,2.1,34.0,10.0,28.0,2.1,203.0,21.0,28.0,2.1,45.0,14.0,28.0,2.1,86.0,15.0,28.0,2.1,1354.0,9.0,28.0,2.1
2021-05-24,55.0,14.0,25.0,1.7,407.0,13.0,25.0,1.7,420.0,6.0,25.0,1.7,160.0,20.0,25.0,1.7,40.0,10.0,25.0,1.7,167.0,10.0,25.0,1.7,54.0,13.0,25.0,1.7,133.0,17.0,25.0,1.7,1441.0,8.0,25.0,1.7
2021-05-25,19.0,5.0,40.0,2.4,406.0,12.0,40.0,2.4,474.0,6.0,40.0,2.4,167.0,17.0,40.0,2.4,58.0,12.0,40.0,2.4,265.0,16.0,40.0,2.4,57.0,14.0,40.0,2.4,91.0,15.0,40.0,2.4,1675.0,10.0,40.0,2.4
2021-05-26,22.0,3.0,17.0,1.1,263.0,10.0,17.0,1.1,428.0,7.0,17.0,1.1,150.0,20.0,17.0,1.1,39.0,11.0,17.0,1.1,172.0,19.0,17.0,1.1,41.0,11.0,17.0,1.1,69.0,12.0,17.0,1.1,1497.0,9.0,17.0,1.1
2021-05-27,47.0,5.0,22.0,1.7,379.0,12.0,22.0,1.7,349.0,6.0,22.0,1.7,81.0,16.0,22.0,1.7,41.0,12.0,22.0,1.7,235.0,21.0,22.0,1.7,34.0,10.0,22.0,1.7,40.0,9.0,22.0,1.7,1292.0,8.0,22.0,1.7
2021-05-28,130.0,29.0,31.0,2.3,230.0,9.0,31.0,2.3,374.0,7.0,31.0,2.3,140.0,17.0,31.0,2.3,41.0,12.0,31.0,2.3,75.0,8.0,31.0,2.3,31.0,12.0,31.0,2.3,103.0,18.0,31.0,2.3,1358.0,9.0,31.0,2.3
2021-05-29,53.0,6.0,38.0,3.6,374.0,13.0,38.0,3.6,409.0,7.0,38.0,3.6,125.0,23.0,38.0,3.6,34.0,12.0,38.0,3.6,282.0,16.0,38.0,3.6,58.0,17.0,38.0,3.6,47.0,11.0,38.0,3.6,1043.0,8.0,38.0,3.6
2021-05-30,20.0,2.0,34.0,2.4,402.0,12.0,34.0,2.4,442.0,6.0,34.0,2.4,204.0,21.0,34.0,2.4,45.0,12.0,34.0,2.4,234.0,29.0,34.0,2.4,70.0,17.0,34.0,2.4,109.0,19.0,34.0,2.4,1444.0,10.0,34.0,2.4
2021-05-31,54.0,7.0,36.0,2.1,513.0,15.0,36.0,2.1,444.0,6.0,36.0,2.1,228.0,22.0,36.0,2.1,44.0,10.0,36.0,2.1,294.0,16.0,36.0,2.1,55.0,12.0,36.0,2.1,84.0,12.0,36.0,2.1,1710.0,9.0,36.0,2.1
2021-06-01,28.0,8.0,41.0,2.3,369.0,11.0,41.0,2.3,418.0,5.0,41.0,2.3,232.0,21.0,41.0,2.3,27.0,8.0,41.0,2.3,341.0,14.0,41.0,2.3,82.0,18.0,41.0,2.3,118.0,16.0,41.0,2.3,1765.0,10.0,41.0,2.3
2021-06-02,54.0,13.0,34.0,1.7,467.0,14.0,34.0,1.7,337.0,5.0,34.0,1.7,206.0,22.0,34.0,1.7,43.0,12.0,34.0,1.7,293.0,14.0,34.0,1.7,85.0,19.0,34.0,1.7,71.0,11.0,34.0,1.7,1988.0,10.0,34.0,1.7
2021-06-03,78.0,10.0,30.0,1.8,454.0,13.0,30.0,1.8,469.0,6.0,30.0,1.8,320.0,29.0,30.0,1.8,78.0,19.0,30.0,1.8,266.0,20.0,30.0,1.8,55.0,12.0,30.0,1.8,76.0,12.0,30.0,1.8,1687.0,10.0,30.0,1.8
2021-06-04,36.0,10.0,34.0,1.8,239.0,9.0,34.0,1.8,342.0,7.0,34.0,1.8,250.0,23.0,34.0,1.8,33.0,9.0,34.0,1.8,295.0,24.0,34.0,1.8,64.0,12.0,34.0,1.8,91.0,16.0,34.0,1.8,1887.0,10.0,34.0,1.8
2021-06-05,18.0,6.0,43.0,3.0,309.0,12.0,43.0,3.0,361.0,6.0,43.0,3.0,167.0,21.0,43.0,3.0,32.0,12.0,43.0,3.0,385.0,24.0,43.0,3.0,100.0,23.0,43.0,3.0,53.0,10.0,43.0,3.0,1447.0,11.0,43.0,3.0
2021-06-06,36.0,10.0,38.0,2.3,299.0,10.0,38.0,2.3,476.0,7.0,38.0,2.3,262.0,25.0,38.0,2.3,37.0,9.0,38.0,2.3,312.0,29.0,38.0,2.3,81.0,17.0,38.0,2.3,54.0,12.0,38.0,2.3,1676.0,11.0,38.0,2.3
2021-06-07,48.0,12.0,30.0,1.5,341.0,10.0,30.0,1.5,589.0,9.0,30.0,1.5,393.5,31.0,30.0,1.5,32.0,7.0,30.0,1.5,356.0,20.0,30.0,1.5,110.0,24.0,30.0,1.5,71.0,10.0,30.0,1.5,1970.0,11.0,30.0,1.5
2021-06-08,53.0,16.0,44.0,1.9,353.0,10.0,44.0,1.9,560.0,9.0,44.0,1.9,393.5,37.0,44.0,1.9,39.0,9.0,44.0,1.9,404.0,20.0,44.0,1.9,109.0,24.0,44.0,1.9,94.0,12.0,44.0,1.9,2322.0,12.0,44.0,1.9
2021-06-09,26.0,7.0,36.0,1.4,406.0,12.0,36.0,1.4,629.0,9.0,36.0,1.4,393.5,33.0,36.0,1.4,50.0,11.0,36.0,1.4,375.0,16.0,36.0,1.4,114.0,24.0,36.0,1.4,102.0,15.0,36.0,1.4,2537.0,12.0,36.0,1.4
2021-06-10,26.0,6.0,40.0,1.6,392.0,12.0,40.0,1.6,625.0,9.0,40.0,1.6,393.5,36.0,40.0,1.6,74.0,13.0,40.0,1.6,375.0,23.0,40.0,1.6,113.0,23.0,40.0,1.6,96.0,16.0,40.0,1.6,2576.0,13.0,40.0,1.6
2021-06-11,28.0,8.0,43.0,1.8,231.0,11.0,43.0,1.8,467.0,9.0,43.0,1.8,383.0,31.0,43.0,1.8,31.0,8.0,43.0,1.8,273.0,21.0,43.0,1.8,104.0,24.0,43.0,1.8,50.0,12.0,43.0,1.8,2454.0,13.0,43.0,1.8
2021-06-12,36.0,10.0,39.0,2.4,362.0,13.0,39.0,2.4,610.0,10.0,39.0,2.4,354.0,36.0,39.0,2.4,49.0,12.0,39.0,2.4,298.0,25.0,39.0,2.4,141.0,28.0,39.0,2.4,73.0,11.0,39.0,2.4,1637.0,14.0,39.0,2.4
2021-06-13,52.0,12.0,47.0,1.9,608.0,18.0,47.0,1.9,795.0,11.0,47.0,1.9,393.5,38.0,47.0,1.9,59.0,12.0,47.0,1.9,380.0,30.0,47.0,1.9,140.0,27.0,47.0,1.9,87.0,13.0,47.0,1.9,2436.0,13.0,47.0,1.9
2021-06-14,26.0,8.0,54.0,1.8,468.0,13.0,54.0,1.8,934.0,12.0,54.0,1.8,393.5,38.0,54.0,1.8,72.0,11.0,54.0,1.8,404.0,20.0,54.0,1.8,137.0,27.0,54.0,1.8,101.0,12.0,54.0,1.8,3050.0,15.0,54.0,1.8
2021-06-15,45.0,11.0,50.0,1.5,561.0,15.0,50.0,1.5,960.0,12.0,50.0,1.5,393.5,39.0,50.0,1.5,67.0,15.0,50.0,1.5,404.0,27.0,50.0,1.5,161.75,32.0,50.0,1.5,91.0,10.0,50.0,1.5,3319.0,14.0,50.0,1.5
2021-06-16,50.0,13.0,60.0,1.5,458.0,12.0,60.0,1.5,1133.0,14.0,60.0,1.5,393.5,40.0,60.0,1.5,77.0,13.0,60.0,1.5,404.0,22.0,60.0,1.5,161.75,27.0,60.0,1.5,102.0,14.0,60.0,1.5,3956.0,17.0,60.0,1.5
2021-06-17,65.0,17.0,63.0,1.6,528.0,15.0,63.0,1.6,1157.0,14.0,63.0,1.6,393.5,41.0,63.0,1.6,96.0,21.0,63.0,1.6,404.0,23.0,63.0,1.6,161.75,36.0,63.0,1.6,89.0,15.0,63.0,1.6,3840.0,15.0,63.0,1.6
2021-06-18,75.0,26.0,54.0,1.4,313.0,12.0,54.0,1.4,867.0,15.0,54.0,1.4,393.5,38.0,54.0,1.4,75.0,13.0,54.0,1.4,404.0,21.0,54.0,1.4,130.0,31.0,54.0,1.4,68.0,12.0,54.0,1.4,3883.0,19.0,54.0,1.4
2021-06-19,108.0,16.0,67.0,2.2,421.0,14.0,67.0,2.2,999.0,15.0,67.0,2.2,393.5,30.0,67.0,2.2,86.0,14.0,67.0,2.2,404.0,28.0,67.0,2.2,151.0,34.0,67.0,2.2,126.0,18.0,67.0,2.2,3057.0,18.0,67.0,2.2
2021-06-20,95.0,24.0,73.5,2.3,537.0,16.0,73.5,2.3,1446.0,16.0,73.5,2.3,393.5,37.0,73.5,2.3,96.0,21.0,73.5,2.3,404.0,44.0,73.5,2.3,156.0,40.0,73.5,2.3,83.0,11.0,73.5,2.3,3641.0,16.0,73.5,2.3
2021-06-21,91.0,22.0,73.5,1.7,734.0,18.0,73.5,1.7,1477.0,16.0,73.5,1.7,393.5,42.0,73.5,1.7,96.0,17.0,73.5,1.7,404.0,24.0,73.5,1.7,145.0,28.0,73.5,1.7,119.0,15.0,73.5,1.7,4636.0,19.0,73.5,1.7
2021-06-22,103.0,23.0,73.5,1.6,711.0,19.0,73.5,1.6,1720.0,20.0,73.5,1.6,393.5,46.0,73.5,1.6,96.0,19.0,73.5,1.6,404.0,22.0,73.5,1.6,161.75,36.0,73.5,1.6,138.0,17.0,73.5,1.6,4846.0,19.0,73.5,1.6
2021-06-23,116.0,30.0,73.5,1.5,713.0,18.0,73.5,1.5,2073.0,20.0,73.5,1.5,393.5,48.0,73.5,1.5,96.0,19.0,73.5,1.5,404.0,22.0,73.5,1.5,161.75,32.0,73.5,1.5,138.0,18.0,73.5,1.5,5396.5,20.0,73.5,1.5
2021-06-24,108.0,22.0,73.5,1.3,782.5,19.0,73.5,1.3,2155.0,20.0,73.5,1.3,393.5,58.0,73.5,1.3,96.0,18.0,73.5,1.3,404.0,30.0,73.5,1.3,161.75,39.0,73.5,1.3,188.0,21.0,73.5,1.3,5396.5,20.0,73.5,1.3
2021-06-25,71.0,22.0,73.5,1.8,460.0,16.0,73.5,1.8,1507.0,19.0,73.5,1.8,393.5,42.0,73.5,1.8,96.0,17.0,73.5,1.8,378.0,23.0,73.5,1.8,133.0,29.0,73.5,1.8,140.0,16.0,73.5,1.8,5396.5,21.0,73.5,1.8
2021-06-26,139.0,31.0,73.5,1.8,782.5,20.0,73.5,1.8,2041.0,23.0,73.5,1.8,393.5,59.0,73.5,1.8,96.0,33.0,73.5,1.8,404.0,34.0,73.5,1.8,161.75,51.0,73.5,1.8,81.0,13.0,73.5,1.8,4334.0,23.0,73.5,1.8
2021-06-27,155.0,33.0,73.5,2.3,782.5,26.0,73.5,2.3,2427.75,23.0,73.5,2.3,393.5,55.0,73.5,2.3,96.0,34.0,73.5,2.3,404.0,33.0,73.5,2.3,161.75,50.0,73.5,2.3,188.0,24.0,73.5,2.3,5268.0,22.0,73.5,2.3
2021-06-28,155.0,34.0,73.5,1.2,782.5,20.0,73.5,1.2,2427.75,26.0,73.5,1.2,393.5,54.0,73.5,1.2,96.0,34.0,73.5,1.2,404.0,29.0,73.5,1.2,161.75,40.0,73.5,1.2,188.0,25.0,73.5,1.2,5396.5,24.0,73.5,1.2
2021-06-29,155.0,36.0,73.5,1.5,782.5,23.0,73.5,1.5,2427.75,25.0,73.5,1.5,393.5,57.0,73.5,1.5,96.0,45.0,73.5,1.5,404.0,33.0,73.5,1.5,161.75,43.0,73.5,1.5,188.0,26.0,73.5,1.5,5396.5,24.0,73.5,1.5
2021-06-30,155.0,38.0,73.5,1.3,782.5,28.0,73.5,1.3,2427.75,29.0,73.5,1.3,393.5,53.0,73.5,1.3,96.0,31.0,73.5,1.3,404.0,32.0,73.5,1.3,161.75,34.0,73.5,1.3,183.0,24.0,73.5,1.3,5396.5,25.0,73.5,1.3
2021-07-01,155.0,34.0,73.5,1.7,761.0,26.0,73.5,1.7,2253.0,34.0,73.5,1.7,393.5,61.0,73.5,1.7,96.0,40.0,73.5,1.7,404.0,36.0,73.5,1.7,161.75,43.0,73.5,1.7,188.0,32.0,73.5,1.7,5396.5,26.0,73.5,1.7
2021-07-02,2.0,4.0,73.5,1.6,163.0,19.0,73.5,1.6,403.0,26.0,73.5,1.6,100.0,38.0,73.5,1.6,18.0,23.0,73.5,1.6,53.0,11.0,73.5,1.6,40.0,51.0,73.5,1.6,3.0,10.0,73.5,1.6,5396.5,28.0,73.5,1.6
