Date,Confirmed cases Barisal,Case rate Barisal,Deaths Barisal,Death Rate Barisal,Confirmed cases CTG,Case rate CTG,Deaths CTG,Death Rate CTG,Confirmed cases DHK,Case rate DHK,Deaths DHK,Death Rate DHK,Confirmed cases Khulna,Case rate Khulna,Deaths Khulna,Death Rate Khulna,Confirmed cases MMsingh,Case rate MMsingh,Deaths MMsingh,Death Rate MMsingh,Confirmed cases Rajshahi,Case rate Rajshahi,Deaths Rajshahi,Death Rate Rajshahi,Confirmed cases Rangpur,Case rate Rangpur,Deaths Rangpur,Death Rate Rangpur,Confirmed cases Sylhet,Case rate Sylhet,Deaths Sylhet,Death Rate Sylhet,Confirmed cases allover Bangladesh,Case rate allover Bangladesh,Deaths allover Bangladesh,Death Rate allover Bangladesh
Mar-20,,,,,,,,,,,,,,,,,,,,,,,,,,,,,,,,,,,,
Mar-20,,,,,,,,,,,,,,,,,,,,,,,,,,,,,,,,,,,,
Mar-20,,,,,,,,,,,,,,,,,,,,,,,,,,,,,,,,,,,,
Mar-20,,,,,,,,,,,,,,,,,,,,,,,,,,,,,,,,,,,,
Mar-20,,,,,,,,,,,,,,,,,,,,,,,,,,,,,,,,,,,,
Mar-20,1,7,,,,,,,3,18,,,,,,,,,,,,,,,,,,,,,,,,,,
Mar-20,,,,,,,,,,,,,,,,,,,,,,,,,,,,,,,,,,,,
Mar-20,1,13,,,1,50,,,55,40,,,,,,,,,,,1,50,,,,,,,,,,,,,,
Mar-20,,,,,2,33,,,,,,,,,,,,,,,,,,,,,,,,,,,,,,
Mar-20,,,,,,,,,,,,,,,,,,,,,,,,,,,,,,,,,,,,
Mar-20,,,,,,,,,,,,,,,,,,,,,,,,,,,,,,,,,,,,
Mar-20,,,,,,,,,,,,,,,,,,,,,,,,,,,,,,,,,,,,
Mar-20,,,,,,,,,,,,,,,,,,,,,,,,,,,,,,,,,,,,
Mar-20,,,,,,,,,,,,,,,,,,,,,,,,,,,,,,,,,,,,
Mar-20,,,,,,,,,,,,,,,,,,,,,,,,,,,,,,,,,,,,
Mar-20,,,,,,,,,,,,,,,,,,,,,,,,,,,,,,,,,,,,
Mar-20,,,,,,,,,,,,,,,,,,,,,,,,,,,,,,,,,,,,
Mar-20,,,1,25,,,1,25,,,1,25,,,1,25,,,1,25,,,1,25,,,1,25,,,1,25,,,1,25
Mar-20,,,,,,,,,1,100,,,,,,,,,,,,,,,,,,,,,,,,,,
Mar-20,,,,,,,,,1,100,,,,,,,,,,,,,,,,,,,,,,,,,,
Mar-20,,,1,25,,,1,25,,,1,25,,,1,25,,,1,25,,,1,25,,,1,25,,,1,25,,,1,25
Mar-20,,,,,,,,,1,100,,,,,,,,,,,,,,,,,,,,,,,,,,
Mar-20,,,1,16.7,,,1,16.7,,,1,16.7,,,1,16.7,,,1,16.7,,,1,16.7,,,1,16.7,,,1,16.7,,,1,16.7
Mar-20,,,1,16.7,,,1,16.7,,,1,16.7,,,1,16.7,,,1,16.7,,,1,16.7,,,1,16.7,,,1,16.7,,,1,16.7
Mar-20,,,1,0,,,1,0,1,100,1,0,,,1,0,,,1,0,,,1,0,,,1,0,,,1,0,,,1,0
Mar-20,,,,,,,,,1,100,,,,,,,,,,,,,,,,,,,,,,,,,,
Mar-20,,,,,,,,,1,100,,,,,,,,,,,,,,,1,100,,,,,,,,,,
Mar-20,,,,,,,,,,,,,,,,,,,,,,,,,,,,,,,,,,,,
Mar-20,,,,,,,,,,,,,,,,,,,,,,,,,,,,,,,,,,,,
Mar-20,,,,,,,,,,,,,,,,,,,,,,,,,,,,,,,,,,,,
Mar-20,,,,,,,,,1,100,,,,,,,,,,,,,,,,,,,,,,,,,,
Apr-20,,,1,33.3,,,1,33.3,,,1,33.3,,,1,33.3,,,1,33.3,,,1,33.3,,,1,33.3,1,100,1,33.3,,,1,33.3
Apr-20,,,,,,,,,,,,,,,,,,,,,,,,,,,,,,,,,,,,
Apr-20,,,,,,,,,,,,,,,,,,,,,,,,,1,33,,,,,,,5,2,,
Apr-20,,,2,22.2,,,2,22.2,17,17,2,22.2,,,2,22.2,,,2,22.2,,,2,22.2,,,2,22.2,1,17,2,22.2,9,2,2,22.2
Apr-20,,,1,5.6,,,1,5.6,14,54,1,5.6,,,1,5.6,3,16,1,5.6,,,1,5.6,,,1,5.6,2,100,1,5.6,18,5,1,5.6
Apr-20,,,3,8.6,,,3,8.6,22,37,3,8.6,,,3,8.6,,,3,8.6,,,3,8.6,2,18,3,8.6,,,3,8.6,35,7,3,8.6
Apr-20,,,5,12.2,2,7,5,12.2,36,80,5,12.2,,,5,12.2,,,5,12.2,,,5,12.2,4,50,5,12.2,,,5,12.2,41,6,5,12.2
Apr-20,1,25,3,5.6,6,23,3,5.6,110,50,3,5.6,,,3,5.6,3,9,3,5.6,,,3,5.6,1,13,3,5.6,1,3,3,5.6,54,6,3,5.6
Apr-20,,,1,0.9,4,12,1,0.9,98,61,1,0.9,,,1,0.9,4,8,1,0.9,3,100,1,0.9,2,20,1,0.9,2,2,1,0.9,112,12,1,0.9
Apr-20,,,6,6.4,9,25,6,6.4,55,83,6,6.4,2,9,6,6.4,3,7,6,6.4,1,100,6,6.4,1,14,6,6.4,1,1,6,6.4,94,8,6,6.4
Apr-20,2,13,3,5.2,6,50,3,5.2,34,69,3,5.2,1,3,3,5.2,3,75,3,5.2,,,3,5.2,7,58,3,5.2,,,3,5.2,58,6,3,5.2
Apr-20,8,35,4,2.9,3,9,4,2.9,84,41,4,2.9,4,9,4,2.9,13,24,4,2.9,3,75,4,2.9,3,20,4,2.9,7,8,4,2.9,139,10,4,2.9
Apr-20,8,73,5,2.7,8,36,5,2.7,129,25,5,2.7,5,21,5,2.7,15,21,5,2.7,8,73,5,2.7,4,50,5,2.7,1,1,5,2.7,182,12,5,2.7
Apr-20,4,44,7,3.3,6,17,7,3.3,129,40,7,3.3,3,5,7,3.3,19,16,7,3.3,1,50,7,3.3,13,38,7,3.3,6,7,7,3.3,209,11,7,3.3
Apr-20,4,13,4,1.8,6,29,4,1.8,187,28,4,1.8,,,4,1.8,23,16,4,1.8,,,4,1.8,3,43,4,1.8,3,5,4,1.8,219,13,4,1.8
Apr-20,8,38,10,2.9,12,30,10,2.9,245,62,10,2.9,2,1,10,2.9,22,15,10,2.9,1,33,10,2.9,,,10,2.9,2,3,10,2.9,341,17,10,2.9
Apr-20,8,40,15,5.6,8,18,15,5.6,250,33,15,5.6,1,1,15,5.6,24,15,15,5.6,3,100,15,5.6,8,44,15,5.6,4,5,15,5.6,266,12,15,5.6
Apr-20,4,22,9,2.9,11,85,9,2.9,263,66,9,2.9,6,21,9,2.9,17,10,9,2.9,,,9,2.9,5,100,9,2.9,2,100,9,2.9,306,14,9,2.9
Apr-20,6,60,7,2.2,8,14,7,2.2,344,61,7,2.2,6,100,7,2.2,23,32,7,2.2,1,50,7,2.2,3,100,7,2.2,3,100,7,2.2,312,12,7,2.2
Apr-20,8,36,10,2,6,18,10,2,276,53,10,2,4,100,10,2,33,16,10,2,6,75,10,2,11,100,10,2,12,100,10,2,492,18,10,2
Apr-20,8,27,9,2.1,7,54,9,2.1,282,47,9,2.1,7,100,9,2.1,37,29,9,2.1,3,100,9,2.1,5,63,9,2.1,10,77,9,2.1,434,15,9,2.1
Apr-20,6,29,10,2.6,6,75,10,2.6,215,78,10,2.6,9,100,10,2.6,6,100,10,2.6,,,10,2.6,10,83,10,2.6,20,100,10,2.6,390,13,10,2.6
Apr-20,8,33,7,1.7,8,13,7,1.7,157,69,7,1.7,4,100,7,1.7,8,80,7,1.7,2,67,7,1.7,10,71,7,1.7,20,91,7,1.7,414,12,7,1.7
Apr-20,21,55,4,0.8,10,16,4,0.8,304,77,4,0.8,11,16,4,0.8,37,97,4,0.8,6,75,4,0.8,18,100,4,0.8,12,17,4,0.8,503,14,4,0.8
Apr-20,7,29,9,2.9,3,6,9,2.9,183,61,9,2.9,2,3,9,2.9,12,100,9,2.9,41,11,9,2.9,6,17,9,2.9,10,16,9,2.9,309,9,9,2.9
Apr-20,7,29,5,1.2,5,6,5,1.2,322,43,5,1.2,12,8,5,1.2,33,97,5,1.2,16,94,5,1.2,11,69,5,1.2,60,26,5,1.2,418,12,5,1.2
Apr-20,9,15,7,1.4,22,28,7,1.4,277,66,7,1.4,2,6,7,1.4,30,100,7,1.4,6,12,7,1.4,25,96,7,1.4,35,40,7,1.4,497,13,7,1.4
Apr-20,3,25,3,0.5,55,30,3,0.5,391,73,3,0.5,5,100,3,0.5,23,96,3,0.5,5,100,3,0.5,8,11,3,0.5,12,23,3,0.5,549,13,3,0.5
Apr-20,10,30,8,1.2,43,38,8,1.2,505,46,8,1.2,5,26,8,1.2,24,26,8,1.2,4,5,8,1.2,4,100,8,1.2,4,15,8,1.2,641,13,8,1.2
Apr-20,2,5,5,0.9,31,13,5,0.9,489,52,5,0.9,8,80,5,0.9,18,86,5,0.9,30,77,5,0.9,4,80,5,0.9,19,9,5,0.9,564,11,5,0.9
May-20,2,3,2,0.4,12,7,2,0.4,445,55,2,0.4,3,75,2,0.4,8,89,2,0.4,2,100,2,0.4,2,100,2,0.4,13,18,2,0.4,571,10,2,0.4
May-20,6,8,5,0.9,15,12,5,0.9,320,43,5,0.9,5,5,5,0.9,25,93,5,0.9,2,100,5,0.9,13,28,5,0.9,4,1,5,0.9,552,9,5,0.9
May-20,7,6,2,0.3,16,4,2,0.3,297,29,2,0.3,1,1,2,0.3,23,96,2,0.3,1,4,2,0.3,2,50,2,0.3,4,80,2,0.3,665,12,2,0.3
May-20,7,8,5,0.7,6,5,5,0.7,315,28,5,0.7,2,1,5,0.7,3,60,5,0.7,2,4,5,0.7,4,67,5,0.7,3,5,5,0.7,688,11,5,0.7
May-20,5,3,1,0.1,27,13,1,0.1,294,26,1,0.1,9,8,1,0.1,37,90,1,0.1,13,4,1,0.1,16,89,1,0.1,10,53,1,0.1,786,14,1,0.1
May-20,4,3,3,0.4,17,8,3,0.4,275,21,3,0.4,1,2,3,0.4,6,43,3,0.4,1,3,3,0.4,4,80,3,0.4,2,1,3,0.4,790,13,3,0.4
May-20,,,13,1.8,13,4,13,1.8,240,22,13,1.8,1,5,13,1.8,25,13,13,1.8,37,5,13,1.8,11,100,13,1.8,3,2,13,1.8,706,12,13,1.8
May-20,12,23,7,1,3,2,7,1,396,37,7,1,1,1,7,1,14,78,7,1,5,4,7,1,8,11,7,1,8,15,7,1,709,12,7,1
May-20,4,6,8,1.3,10,10,8,1.3,269,42,8,1.3,1,2,8,1.3,21,100,8,1.3,22,13,8,1.3,3,27,8,1.3,7,1,8,1.3,636,12,8,1.3
May-20,7,9,14,1.6,,,14,1.6,208,17,14,1.6,1,4,14,1.6,13,68,14,1.6,30,16,14,1.6,3,100,14,1.6,16,4,14,1.6,887,16,14,1.6
May-20,3,30,11,1.1,1,17,11,1.1,222,30,11,1.1,,,11,1.1,25,89,11,1.1,2,2,11,1.1,,,11,1.1,3,17,11,1.1,1034,14,11,1.1
May-20,6,7,11,1.1,27,9,11,1.1,84,15,11,1.1,12,32,11,1.1,6,100,11,1.1,1,4,11,1.1,,,11,1.1,12,6,11,1.1,969,14,11,1.1
May-20,,,19,1.6,3,4,19,1.6,122,15,19,1.6,,,19,1.6,19,90,19,1.6,,,19,1.6,1,100,19,1.6,8,50,19,1.6,1162,15,19,1.6
May-20,,,14,1.3,4,5,14,1.3,145,22,14,1.3,1,33,14,1.3,22,96,14,1.3,2,3,14,1.3,,,14,1.3,,,14,1.3,1041,14,14,1.3
May-20,,,15,1.2,11,11,15,1.2,69,15,15,1.2,1,100,15,1.2,11,100,15,1.2,,,15,1.2,54,13,15,1.2,15,7,15,1.2,1202,14,15,1.2
May-20,14,5,16,1.7,35,12,16,1.7,296,23,16,1.7,10,26,16,1.7,32,89,16,1.7,16,8,16,1.7,11,4,16,1.7,27,5,16,1.7,930,14,16,1.7
May-20,15,5,14,1.1,58,11,14,1.1,163,14,14,1.1,6,8,14,1.1,86,16,14,1.1,6,3,14,1.1,5,5,14,1.1,16,9,14,1.1,1273,16,14,1.1
May-20,10,13,21,1.3,70,16,21,1.3,277,27,21,1.3,4,6,21,1.3,26,4,21,1.3,19,6,21,1.3,9,9,21,1.3,10,11,21,1.3,1602,16,21,1.3
May-20,30,17,21,1.7,69,19,21,1.7,382,16,21,1.7,,,21,1.7,31,10,21,1.7,10,5,21,1.7,9,8,21,1.7,25,8,21,1.7,1251,15,21,1.7
May-20,3,2,16,1,97,20,16,1,263,27,16,1,7,4,16,1,65,18,16,1,45,9,16,1,21,9,16,1,32,9,16,1,1617,16,16,1
May-20,24,10,22,1.2,78,16,22,1.2,483,29,22,1.2,9,6,22,1.2,37,10,22,1.2,1,20,22,1.2,1,17,22,1.2,13,6,22,1.2,1773,17,22,1.2
May-20,14,12,24,1.4,80,15,24,1.4,264,24,24,1.4,11,6,24,1.4,32,94,24,1.4,42,11,24,1.4,,,24,1.4,41,20,24,1.4,1694,17,24,1.4
May-20,10,3,20,1.1,113,18,20,1.1,368,23,20,1.1,13,4,20,1.1,23,7,20,1.1,34,18,20,1.1,17,9,20,1.1,17,8,20,1.1,1873,17,20,1.1
May-20,34,17,28,1.8,108,30,28,1.8,604,24,28,1.8,7,4,28,1.8,34,11,28,1.8,12,8,28,1.8,26,15,28,1.8,35,8,28,1.8,1532,17,28,1.8
May-20,21,22,21,1.1,53,20,21,1.1,239,20,21,1.1,1,100,21,1.1,3,1,21,1.1,9,9,21,1.1,16,10,21,1.1,21,10,21,1.1,1975,21,21,1.1
May-20,17,9,21,1.8,104,10,21,1.8,287,25,21,1.8,9,3,21,1.8,17,6,21,1.8,18,10,21,1.8,33,10,21,1.8,18,10,21,1.8,1166,22,21,1.8
May-20,20,6,22,1.4,159,19,22,1.4,329,25,22,1.4,16,8,22,1.4,17,5,22,1.4,49,27,22,1.4,40,15,22,1.4,45,25,22,1.4,1541,19,22,1.4
May-20,11,10,15,0.7,127,28,15,0.7,666,32,15,0.7,29,9,15,0.7,41,98,15,0.7,37,20,15,0.7,27,15,15,0.7,48,28,15,0.7,2029,22,15,0.7
May-20,54,14,23,0.9,194,17,23,0.9,500,23,23,0.9,24,9,23,0.9,26,96,23,0.9,45,16,23,0.9,52,17,23,0.9,26,15,23,0.9,2523,22,23,0.9
May-20,54,19,28,1.6,74,17,28,1.6,510,16,28,1.6,21,9,28,1.6,50,17,28,1.6,67,12,28,1.6,79,10,28,1.6,100,18,28,1.6,1764,18,28,1.6
May-20,68,21,40,1.6,100,19,40,1.6,528,22,40,1.6,36,9,40,1.6,51,13,40,1.6,30,20,40,1.6,29,8,40,1.6,20,10,40,1.6,2545,21,40,1.6
Jun-20,63,14,22,0.9,180,24,22,0.9,457,22,22,0.9,21,7,22,0.9,93,25,22,0.9,38,19,22,0.9,48,14,22,0.9,48,27,22,0.9,2381,21,22,0.9
Jun-20,57,16,37,1.3,383,24,37,1.3,690,23,37,1.3,42,10,37,1.3,43,14,37,1.3,89,14,37,1.3,41,12,37,1.3,40,9,37,1.3,2911,23,37,1.3
Jun-20,66,11,37,1.4,227,22,37,1.4,576,19,37,1.4,39,10,37,1.4,,,37,1.4,35,11,37,1.4,42,11,37,1.4,69,27,37,1.4,2695,22,37,1.4
Jun-20,94,14,35,1.4,336,24,35,1.4,718,22,35,1.4,41,11,35,1.4,48,9,35,1.4,58,23,35,1.4,29,8,35,1.4,79,21,35,1.4,2423,19,35,1.4
Jun-20,59,13,30,1.1,366,23,30,1.1,675,22,30,1.1,32,9,30,1.1,71,13,30,1.1,86,16,30,1.1,28,8,30,1.1,51,26,30,1.1,2828,20,30,1.1
Jun-20,82,16,35,1.3,311,24,35,1.3,516,22,35,1.3,48,14,35,1.3,71,10,35,1.3,95,24,35,1.3,47,13,35,1.3,68,37,35,1.3,2635,21,35,1.3
Jun-20,1,9,42,1.5,187,20,42,1.5,595,24,42,1.5,74,14,42,1.5,66,9,42,1.5,68,22,42,1.5,36,10,42,1.5,38,19,42,1.5,2743,21,42,1.5
Jun-20,96,42,42,1.5,422,22,42,1.5,652,24,42,1.5,98,18,42,1.5,28,5,42,1.5,100,26,42,1.5,49,13,42,1.5,61,32,42,1.5,2735,21,42,1.5
Jun-20,47,25,45,1.4,385,22,45,1.4,480,20,45,1.4,60,8,45,1.4,99,14,45,1.4,57,22,45,1.4,94,23,45,1.4,51,43,45,1.4,3171,22,45,1.4
Jun-20,82,38,37,1.2,359,26,37,1.2,754,20,37,1.2,108,13,37,1.2,45,6,37,1.2,148,21,37,1.2,49,13,37,1.2,63,52,37,1.2,3190,20,37,1.2
Jun-20,74,36,37,1.2,419,25,37,1.2,748,21,37,1.2,91,14,37,1.2,60,8,37,1.2,112,40,37,1.2,67,18,37,1.2,93,16,37,1.2,3187,20,37,1.2
Jun-20,123,22,46,1.3,256,28,46,1.3,1001,23,46,1.3,114,14,46,1.3,86,12,46,1.3,77,25,46,1.3,58,12,46,1.3,129,26,46,1.3,3471,22,46,1.3
Jun-20,91,16,44,1.5,419,26,44,1.5,937,25,44,1.5,127,21,44,1.5,34,10,44,1.5,165,26,44,1.5,64,16,44,1.5,3,13,44,1.5,2856,17,44,1.5
Jun-20,93,32,32,1,364,26,32,1,694,24,32,1,74,12,32,1,54,9,32,1,240,51,32,1,53,14,32,1,8,53,32,1,3141,22,32,1
Jun-20,142,19,38,1.2,428,29,38,1.2,777,23,38,1.2,137,19,38,1.2,21,18,38,1.2,133,33,38,1.2,61,16,38,1.2,70,23,38,1.2,3099,21,38,1.2
Jun-20,92,22,53,1.4,553,31,53,1.4,1243,28,53,1.4,117,18,53,1.4,14,2,53,1.4,107,38,53,1.4,48,13,53,1.4,45,23,53,1.4,3862,22,53,1.4
Jun-20,98,42,43,1.1,640,24,43,1.1,1095,24,43,1.1,190,26,43,1.1,4,29,43,1.1,191,34,43,1.1,62,16,43,1.1,84,31,43,1.1,4008,23,43,1.1
Jun-20,81,33,38,1,363,24,38,1,1112,29,38,1,159,24,38,1,7,24,38,1,157,30,38,1,52,14,38,1,57,20,38,1,3803,23,38,1
Jun-20,72,35,45,1.4,485,29,45,1.4,1094,29,45,1.4,178,30,45,1.4,3,2,45,1.4,96,21,45,1.4,58,15,45,1.4,119,47,45,1.4,3243,22,45,1.4
Jun-20,93,54,37,1.1,491,37,37,1.1,1269,32,37,1.1,255,29,37,1.1,147,24,37,1.1,222,35,37,1.1,45,11,37,1.1,37,18,37,1.1,3240,23,37,1.1
Jun-20,85,37,39,1.1,564,29,39,1.1,1091,29,39,1.1,230,38,39,1.1,113,25,39,1.1,167,18,39,1.1,60,15,39,1.1,158,35,39,1.1,3531,23,39,1.1
Jun-20,102,34,38,1.1,707,26,38,1.1,1342,30,38,1.1,180,40,38,1.1,159,19,38,1.1,240,23,38,1.1,35,15,38,1.1,94,21,38,1.1,3480,22,38,1.1
Jun-20,64,27,43,1.3,675,28,43,1.3,1293,26,43,1.3,235,29,43,1.3,120,19,43,1.3,197,22,43,1.3,23,33,43,1.3,63,24,43,1.3,3412,21,43,1.3
Jun-20,99,29,37,1.1,633,25,37,1.1,1160,28,37,1.1,295,32,37,1.1,145,16,37,1.1,177,47,37,1.1,49,54,37,1.1,107,45,37,1.1,3462,21,37,1.1
Jun-20,78,30,39,1,680,25,39,1,1456,27,39,1,202,31,39,1,40,7,39,1,335,20,39,1,73,42,39,1,133,24,39,1,3946,22,39,1
Jun-20,127,19,40,1,555,26,40,1,1013,27,40,1,248,29,40,1,39,12,40,1,217,20,40,1,50,22,40,1,157,27,40,1,3868,21,40,1
Jun-20,108,24,34,1,359,23,34,1,1641,32,34,1,263,33,34,1,73,6,34,1,238,28,34,1,62,29,34,1,194,32,34,1,3504,23,34,1
Jun-20,119,23,43,1.1,515,26,43,1.1,1523,28,43,1.1,168,36,43,1.1,209,22,43,1.1,257,26,43,1.1,80,31,43,1.1,97,18,43,1.1,3809,21,43,1.1
Jun-20,126,26,45,1.1,471,22,45,1.1,1640,28,45,1.1,199,33,45,1.1,89,9,45,1.1,213,22,45,1.1,70,26,45,1.1,210,27,45,1.1,4014,23,45,1.1
Jun-20,103,21,64,1.7,493,28,64,1.7,1345,25,64,1.7,291,36,64,1.7,47,7,64,1.7,427,19,64,1.7,64,14,64,1.7,266,19,64,1.7,3682,20,64,1.7
Jul-20,72,26,41,1.1,611,31,41,1.1,1365,23,41,1.1,272,38,41,1.1,119,18,41,1.1,324,20,41,1.1,293,18,41,1.1,179,26,41,1.1,3775,21,41,1.1
Jul-20,88,18,38,0.9,496,23,38,0.9,1071,25,38,0.9,532,65,38,0.9,48,9,38,0.9,247,24,38,0.9,136,17,38,0.9,114,26,38,0.9,4019,22,38,0.9
Jul-20,114,20,42,1.3,386,21,42,1.3,1110,27,42,1.3,325,31,42,1.3,115,21,42,1.3,180,23,42,1.3,144,20,42,1.3,200,33,42,1.3,3114,21,42,1.3
Jul-20,119,31,29,0.9,362,22,29,0.9,903,23,29,0.9,180,28,29,0.9,48,13,29,0.9,217,12,29,0.9,85,21,29,0.9,28,17,29,0.9,3288,22,29,0.9
Jul-20,115,25,55,2,490,24,55,2,1089,24,55,2,175,27,55,2,45,16,55,2,242,21,55,2,103,23,55,2,99,20,55,2,2738,20,55,2
Jul-20,131,34,44,1.4,481,22,44,1.4,993,22,44,1.4,230,37,44,1.4,62,11,44,1.4,177,23,44,1.4,78,19,44,1.4,73,21,44,1.4,3201,22,44,1.4
Jul-20,88,30,55,1.8,467,21,55,1.8,1179,23,55,1.8,392,25,55,1.8,58,14,55,1.8,144,24,55,1.8,82,23,55,1.8,162,23,55,1.8,3027,23,55,1.8
Jul-20,116,27,46,1.3,394,21,46,1.3,1288,24,46,1.3,349,26,46,1.3,42,8,46,1.3,182,23,46,1.3,135,17,46,1.3,76,27,46,1.3,3489,22,46,1.3
Jul-20,97,29,41,1.2,459,24,41,1.2,1051,25,41,1.2,288,33,41,1.2,69,12,41,1.2,271,18,41,1.2,117,30,41,1.2,148,23,41,1.2,3360,21,41,1.2
Jul-20,101,30,37,1.3,311,19,37,1.3,946,25,37,1.3,227,34,37,1.3,57,14,37,1.3,165,28,37,1.3,90,24,37,1.3,44,25,37,1.3,2949,22,37,1.3
Jul-20,116,31,30,1.1,297,29,30,1.1,986,26,30,1.1,229,36,30,1.1,39,14,30,1.1,218,28,30,1.1,113,29,30,1.1,78,20,30,1.1,2686,24,30,1.1
Jul-20,85,25,47,1.8,426,22,47,1.8,1385,26,47,1.8,270,26,47,1.8,38,14,47,1.8,236,32,47,1.8,95,31,47,1.8,68,26,47,1.8,2666,24,47,1.8
Jul-20,73,23,39,1.3,409,23,39,1.3,1344,24,39,1.3,329,39,39,1.3,70,15,39,1.3,304,26,39,1.3,87,22,39,1.3,67,17,39,1.3,3099,25,39,1.3
Jul-20,125,27,33,1,581,26,33,1,1394,25,33,1,326,40,33,1,69,15,33,1,269,24,33,1,134,23,33,1,115,34,33,1,3163,24,33,1
Jul-20,83,27,33,0.9,367,21,33,0.9,1230,23,33,0.9,241,30,33,0.9,56,13,33,0.9,198,21,33,0.9,128,32,33,0.9,182,39,33,0.9,3533,25,33,0.9
Jul-20,139,31,39,1.4,459,23,39,1.4,1098,23,39,1.4,297,33,39,1.4,59,13,39,1.4,367,23,39,1.4,142,30,39,1.4,206,54,39,1.4,2733,21,39,1.4
Jul-20,97,33,51,1.7,336,23,51,1.7,742,25,51,1.7,249,40,51,1.7,81,21,51,1.7,219,30,51,1.7,110,29,51,1.7,39,19,51,1.7,3034,23,51,1.7
Jul-20,148,33,34,1.3,316,25,34,1.3,1157,26,34,1.3,235,38,34,1.3,29,11,34,1.3,204,19,34,1.3,130,34,34,1.3,9,3,34,1.3,2709,25,34,1.3
Jul-20,91,30,37,1.5,378,21,37,1.5,1326,26,37,1.5,230,26,37,1.5,73,19,37,1.5,334,27,37,1.5,117,30,37,1.5,76,21,37,1.5,2459,23,37,1.5
Jul-20,108,35,50,1.7,416,18,50,1.7,1388,25,50,1.7,286,38,50,1.7,67,16,50,1.7,310,26,50,1.7,89,21,50,1.7,93,14,50,1.7,2928,22,50,1.7
Jul-20,91,25,41,1.3,310,19,41,1.3,1192,23,41,1.3,261,43,41,1.3,63,12,41,1.3,273,27,41,1.3,123,31,41,1.3,72,23,41,1.3,3057,24,41,1.3
Jul-20,129,32,42,1.5,373,19,42,1.5,1377,25,42,1.5,280,29,42,1.5,28,8,42,1.5,272,27,42,1.5,126,33,42,1.5,63,28,42,1.5,2744,23,42,1.5
Jul-20,84,20,50,1.8,382,20,50,1.8,929,20,50,1.8,192,31,50,1.8,59,15,50,1.8,366,27,50,1.8,121,29,50,1.8,112,21,50,1.8,2856,23,50,1.8
Jul-20,92,28,35,1.4,391,24,35,1.4,994,25,35,1.4,264,28,35,1.4,47,13,35,1.4,287,26,35,1.4,112,27,35,1.4,97,20,35,1.4,2548,21,35,1.4
Jul-20,51,14,38,1.5,422,23,38,1.5,1326,23,38,1.5,280,36,38,1.5,32,8,38,1.5,236,22,38,1.5,118,29,38,1.5,77,19,38,1.5,2520,24,38,1.5
Jul-20,78,58,54,2.4,254,16,54,2.4,1126,24,54,2.4,224,41,54,2.4,25,32,54,2.4,258,24,54,2.4,158,24,54,2.4,152,20,54,2.4,2275,23,54,2.4
Jul-20,112,33,37,1.3,326,19,37,1.3,1074,23,37,1.3,172,25,37,1.3,37,11,37,1.3,323,25,37,1.3,127,31,37,1.3,45,16,37,1.3,2772,22,37,1.3
Jul-20,80,20,35,1.2,415,19,35,1.2,1345,24,35,1.2,287,34,35,1.2,47,12,35,1.2,348,22,35,1.2,134,32,35,1.2,77,18,35,1.2,2960,23,35,1.2
Jul-20,110,31,35,1.2,381,20,35,1.2,1365,23,35,1.2,274,33,35,1.2,23,6,35,1.2,181,21,35,1.2,96,27,35,1.2,67,15,35,1.2,3009,21,35,1.2
Jul-20,81,24,48,1.8,305,18,48,1.8,1304,26,48,1.8,215,36,48,1.8,65,16,48,1.8,270,23,48,1.8,104,28,48,1.8,82,15,48,1.8,2695,21,48,1.8
Jul-20,81,25,28,1,279,18,28,1,835,26,28,1,244,32,28,1,33,16,28,1,270,26,28,1,92,31,28,1,90,20,28,1,2772,22,28,1
Aug-20,23,15,21,1,66,17,21,1,251,22,21,1,230,56,21,1,26,17,21,1,112,27,21,1,51,24,21,1,76,23,21,1,2199,25,21,1
Aug-20,11,24,22,2.5,89,20,22,2.5,719,33,22,2.5,149,39,22,2.5,21,21,22,2.5,156,39,22,2.5,105,36,22,2.5,70,24,22,2.5,886,24,22,2.5
Aug-20,52,31,30,2.2,229,25,30,2.2,878,26,30,2.2,82,31,30,2.2,26,21,30,2.2,111,33,30,2.2,84,27,30,2.2,59,20,30,2.2,1356,32,30,2.2
Aug-20,85,25,50,2.6,349,21,50,2.6,1173,24,50,2.6,179,34,50,2.6,61,15,50,2.6,160,30,50,2.6,149,38,50,2.6,77,21,50,2.6,1918,25,50,2.6
Aug-20,45,16,33,1.2,463,18,33,1.2,1308,22,33,1.2,328,36,33,1.2,40,14,33,1.2,188,32,33,1.2,137,44,33,1.2,79,17,33,1.2,2654,24,33,1.2
Aug-20,90,26,39,1.3,342,17,39,1.3,1266,21,39,1.3,324,37,39,1.3,81,17,39,1.3,340,28,39,1.3,116,40,39,1.3,113,21,39,1.3,2977,23,39,1.3
Aug-20,79,22,27,0.9,321,17,27,0.9,993,24,27,0.9,325,42,27,0.9,73,19,27,0.9,219,23,27,0.9,158,34,27,0.9,94,19,27,0.9,2851,22,27,0.9
Aug-20,43,18,32,1.2,341,25,32,1.2,1213,23,32,1.2,257,33,32,1.2,40,15,32,1.2,163,25,32,1.2,158,33,32,1.2,86,22,32,1.2,2611,22,32,1.2
Aug-20,100,30,34,1.4,554,23,34,1.4,1457,22,34,1.4,327,41,34,1.4,71,18,34,1.4,193,25,34,1.4,146,29,34,1.4,26,11,34,1.4,2487,23,34,1.4
Aug-20,92,25,39,1.3,381,18,39,1.3,1452,21,39,1.3,262,32,39,1.3,104,20,39,1.3,243,23,39,1.3,143,29,39,1.3,171,22,39,1.3,2907,23,39,1.3
Aug-20,76,22,33,1.1,416,20,33,1.1,1317,22,33,1.1,305,36,33,1.1,71,15,33,1.1,284,15,33,1.1,98,26,33,1.1,149,24,33,1.1,2996,20,33,1.1
Aug-20,78,23,42,1.4,300,15,42,1.4,1201,20,42,1.4,276,35,42,1.4,70,19,42,1.4,193,19,42,1.4,154,16,42,1.4,140,26,42,1.4,2995,20,42,1.4
Aug-20,74,20,44,1.7,412,18,44,1.7,1286,19,44,1.7,186,31,44,1.7,81,20,44,1.7,244,22,44,1.7,154,34,44,1.7,120,21,44,1.7,2617,20,44,1.7
Aug-20,85,25,34,1.2,281,13,34,1.2,995,26,34,1.2,251,30,34,1.2,68,19,34,1.2,247,23,34,1.2,152,33,34,1.2,56,12,34,1.2,2766,22,34,1.2
Aug-20,45,21,34,1.3,237,18,34,1.3,923,22,34,1.3,193,31,34,1.3,22,11,34,1.3,205,19,34,1.3,316,19,34,1.3,73,16,34,1.3,2644,21,34,1.3
Aug-20,51,19,32,1.6,298,17,32,1.6,1119,21,32,1.6,204,31,32,1.6,62,18,32,1.6,311,22,32,1.6,111,29,32,1.6,75,21,32,1.6,2024,20,32,1.6
Aug-20,74,20,37,1.4,390,16,37,1.4,1316,20,37,1.4,256,33,37,1.4,57,16,37,1.4,219,22,37,1.4,152,30,37,1.4,91,18,37,1.4,2595,21,37,1.4
Aug-20,68,20,46,1.4,330,14,46,1.4,1374,23,46,1.4,180,24,46,1.4,38,10,46,1.4,210,13,46,1.4,142,29,46,1.4,161,23,46,1.4,3200,22,46,1.4
Aug-20,89,23,41,1.5,321,13,41,1.5,1353,21,41,1.5,274,28,41,1.5,56,14,41,1.5,221,20,41,1.5,150,22,41,1.5,101,18,41,1.5,2747,19,41,1.5
Aug-20,58,19,41,1.4,299,13,41,1.4,1202,21,41,1.4,164,30,41,1.4,58,12,41,1.4,213,12,41,1.4,128,23,41,1.4,133,23,41,1.4,2868,20,41,1.4
Aug-20,73,25,39,1.6,240,14,39,1.6,869,23,39,1.6,360,20,39,1.6,54,15,39,1.6,187,10,39,1.6,127,38,39,1.6,123,21,39,1.6,2401,19,39,1.6
Aug-20,33,22,46,2,228,19,46,2,1080,21,46,2,218,26,46,2,47,16,46,2,173,12,46,2,144,29,46,2,57,21,46,2,2265,20,46,2
Aug-20,39,13,34,1.7,344,16,34,1.7,1179,21,34,1.7,307,27,34,1.7,35,13,34,1.7,195,19,34,1.7,119,23,34,1.7,113,24,34,1.7,1973,18,34,1.7
Aug-20,93,24,42,1.7,291,14,42,1.7,1219,20,42,1.7,174,27,42,1.7,45,11,42,1.7,184,14,42,1.7,126,24,42,1.7,96,14,42,1.7,2485,19,42,1.7
Aug-20,59,17,45,1.8,234,12,45,1.8,1166,20,45,1.8,212,29,45,1.8,30,8,45,1.8,225,14,45,1.8,140,29,45,1.8,138,21,45,1.8,2545,18,45,1.8
Aug-20,84,22,54,2.1,248,10,54,2.1,1173,19,54,2.1,226,27,54,2.1,24,8,54,2.1,163,12,54,2.1,139,28,54,2.1,85,18,54,2.1,2519,17,54,2.1
Aug-20,62,18,45,1.8,287,13,45,1.8,1122,18,45,1.8,204,26,45,1.8,41,10,45,1.8,182,21,45,1.8,102,20,45,1.8,125,24,45,1.8,2436,16,45,1.8
Aug-20,71,21,47,2.1,194,10,47,2.1,751,23,47,2.1,252,31,47,2.1,57,19,47,2.1,183,11,47,2.1,131,28,47,2.1,97,20,47,2.1,2211,16,47,2.1
Aug-20,17,10,32,1.5,203,13,32,1.5,1195,19,32,1.5,163,24,32,1.5,46,13,32,1.5,123,15,32,1.5,98,19,32,1.5,54,17,32,1.5,2131,18,32,1.5
Aug-20,74,23,42,2.2,189,11,42,2.2,1008,20,42,2.2,156,22,42,2.2,41,19,42,2.2,124,16,42,2.2,189,26,42,2.2,119,24,42,2.2,1897,16,42,2.2
Aug-20,43,17,33,1.5,230,13,33,1.5,941,16,33,1.5,186,31,33,1.5,49,15,33,1.5,140,19,33,1.5,217,21,33,1.5,84,17,33,1.5,2174,17,33,1.5
Sep-20,65,17,35,1.8,281,11,35,1.8,1244,18,35,1.8,191,24,35,1.8,42,14,35,1.8,135,15,35,1.8,102,21,35,1.8,74,15,35,1.8,1950,16,35,1.8
Sep-20,45,12,35,1.4,301,12,35,1.4,1146,17,35,1.4,170,21,35,1.4,27,8,35,1.4,101,13,35,1.4,143,25,35,1.4,100,20,35,1.4,2582,17,35,1.4
Sep-20,52,13,32,1.5,183,9,32,1.5,1181,17,32,1.5,141,19,32,1.5,42,13,32,1.5,198,16,32,1.5,8,6,32,1.5,98,14,32,1.5,2158,15,32,1.5
Sep-20,46,13,29,1.5,171,8,29,1.5,842,20,29,1.5,157,23,29,1.5,35,14,29,1.5,101,14,29,1.5,98,27,29,1.5,94,16,29,1.5,1929,15,29,1.5
Sep-20,31,10,35,1.8,152,9,35,1.8,954,16,35,1.8,134,22,35,1.8,23,8,35,1.8,90,9,35,1.8,52,22,35,1.8,86,19,35,1.8,1950,15,35,1.8
Sep-20,56,14,32,2,203,8,32,2,1122,16,32,2,151,20,32,2,51,15,32,2,101,13,32,2,38,14,32,2,104,17,32,2,1592,14,32,2
Sep-20,27,8,37,1.7,215,8,37,1.7,1001,15,37,1.7,143,19,37,1.7,26,8,37,1.7,138,15,37,1.7,88,11,37,1.7,81,13,37,1.7,2202,14,37,1.7
Sep-20,35,7,36,1.9,216,8,36,1.9,925,15,36,1.9,102,20,36,1.9,29,7,36,1.9,95,8,36,1.9,52,20,36,1.9,58,12,36,1.9,1892,13,36,1.9
Sep-20,30,6,41,2.2,189,7,41,2.2,1102,16,41,2.2,129,21,41,2.2,53,17,41,2.2,86,9,41,2.2,71,10,41,2.2,120,17,41,2.2,1827,12,41,2.2
Sep-20,32,8,41,2.2,126,5,41,2.2,1002,14,41,2.2,151,23,41,2.2,43,10,41,2.2,153,13,41,2.2,28,13,41,2.2,94,13,41,2.2,1892,12,41,2.2
Sep-20,37,11,34,1.9,174,7,34,1.9,618,15,34,1.9,86,16,34,1.9,20,6,34,1.9,89,13,34,1.9,36,15,34,1.9,117,15,34,1.9,1792,12,34,1.9
Sep-20,18,10,34,2.7,182,8,34,2.7,821,14,34,2.7,77,13,34,2.7,21,7,34,2.7,127,13,34,2.7,74,9,34,2.7,41,11,34,2.7,1282,12,34,2.7
Sep-20,18,5,31,2.1,206,7,31,2.1,941,16,31,2.1,93,14,31,2.1,26,8,31,2.1,116,14,31,2.1,33,14,31,2.1,95,17,31,2.1,1476,11,31,2.1
Sep-20,42,12,26,1.4,197,7,26,1.4,978,16,26,1.4,108,15,26,1.4,30,8,26,1.4,100,11,26,1.4,39,12,26,1.4,45,8,26,1.4,1812,13,26,1.4
Sep-20,32,9,43,2.5,186,7,43,2.5,975,16,43,2.5,83,12,43,2.5,27,7,43,2.5,113,10,43,2.5,29,12,43,2.5,69,10,43,2.5,1724,12,43,2.5
Sep-20,26,8,21,1.3,134,6,21,1.3,953,16,21,1.3,87,11,21,1.3,33,8,21,1.3,98,9,21,1.3,39,12,21,1.3,88,13,21,1.3,1615,12,21,1.3
Sep-20,31,9,36,2.3,127,6,36,2.3,928,15,36,2.3,86,11,36,2.3,24,6,36,2.3,126,10,36,2.3,101,12,36,2.3,50,8,36,2.3,1593,12,36,2.3
Sep-20,23,7,22,1.4,149,6,22,1.4,677,17,22,1.4,87,13,22,1.4,21,6,22,1.4,102,9,22,1.4,53,18,22,1.4,53,8,22,1.4,1541,12,22,1.4
Sep-20,21,12,32,2,111,6,32,2,1006,19,32,2,62,10,32,2,19,6,32,2,160,11,32,2,84,16,32,2,23,6,32,2,1567,12,32,2
Sep-20,29,9,26,1.7,148,6,26,1.7,958,17,26,1.7,62,10,26,1.7,35,13,26,1.7,81,8,26,1.7,87,22,26,1.7,56,10,26,1.7,1544,13,26,1.7
Sep-20,33,11,40,2.3,135,6,40,2.3,790,14,40,2.3,78,12,40,2.3,20,5,40,2.3,98,9,40,2.3,51,12,40,2.3,47,7,40,2.3,1705,13,40,2.3
Sep-20,22,9,28,1.8,190,7,28,1.8,877,15,28,1.8,71,12,28,1.8,38,9,28,1.8,138,10,28,1.8,51,12,28,1.8,46,8,28,1.8,1557,11,28,1.8
Sep-20,32,12,37,2.2,176,6,37,2.2,958,17,37,2.2,60,11,37,2.2,23,6,37,2.2,129,9,37,2.2,39,8,37,2.2,29,6,37,2.2,1666,12,37,2.2
Sep-20,19,9,28,1.8,120,6,28,1.8,989,17,28,1.8,58,9,28,1.8,16,5,28,1.8,57,6,28,1.8,36,9,28,1.8,39,8,28,1.8,1540,12,28,1.8
Sep-20,25,11,21,1.5,98,5,21,1.5,609,15,21,1.5,59,12,21,1.5,19,7,21,1.5,108,7,21,1.5,30,10,21,1.5,21,4,21,1.5,1383,11,21,1.5
Sep-20,7,5,36,3.3,87,5,36,3.3,787,15,36,3.3,40,11,36,3.3,14,6,36,3.3,103,9,36,3.3,57,14,36,3.3,35,8,36,3.3,1106,10,36,3.3
Sep-20,26,11,32,2.5,143,5,32,2.5,901,17,32,2.5,56,12,32,2.5,26,8,32,2.5,62,10,32,2.5,38,10,32,2.5,33,6,32,2.5,1275,12,32,2.5
Sep-20,34,12,32,2.3,109,5,32,2.3,917,17,32,2.3,75,13,32,2.3,31,10,32,2.3,73,8,32,2.3,42,12,32,2.3,65,11,32,2.3,1407,12,32,2.3
Sep-20,30,11,26,1.7,120,4,26,1.7,812,16,26,1.7,53,10,26,1.7,25,9,26,1.7,80,6,26,1.7,51,14,26,1.7,40,8,26,1.7,1488,12,26,1.7
Sep-20,19,7,32,2.2,153,6,32,2.2,941,17,32,2.2,57,11,32,2.2,47,14,32,2.2,78,7,32,2.2,41,11,32,2.2,29,5,32,2.2,1436,11,32,2.2
Oct-20,24,10,21,1.4,119,5,21,1.4,950,16,21,1.4,42,8,21,1.4,17,6,21,1.4,51,7,21,1.4,37,9,21,1.4,24,4,21,1.4,1508,13,21,1.4
Oct-20,23,11,33,2.4,120,7,33,2.4,579,19,33,2.4,50,10,33,2.4,16,6,33,2.4,55,6,33,2.4,33,9,33,2.4,29,6,33,2.4,1396,12,33,2.4
Oct-20,11,7,20,1.7,91,5,20,1.7,894,17,20,1.7,27,11,20,1.7,19,9,20,1.7,51,6,20,1.7,40,10,20,1.7,21,4,20,1.7,1182,12,20,1.7
Oct-20,34,16,23,2,128,6,23,2,926,18,23,2,51,11,23,2,13,5,23,2,62,11,23,2,20,9,23,2,42,8,23,2,1125,11,23,2
Oct-20,29,11,27,1.9,168,7,27,1.9,960,16,27,1.9,58,9,27,1.9,19,8,27,1.9,74,11,27,1.9,58,12,27,1.9,39,6,27,1.9,1442,12,27,1.9
Oct-20,16,8,30,2,131,5,30,2,914,17,30,2,72,12,30,2,19,6,30,2,128,11,30,2,32,7,30,2,33,7,30,2,1499,12,30,2
Oct-20,26,11,35,2.3,161,5,35,2.3,873,15,35,2.3,45,10,35,2.3,18,5,35,2.3,48,8,35,2.3,28,9,35,2.3,39,5,35,2.3,1520,12,35,2.3
Oct-20,34,11,20,1.4,148,5,20,1.4,877,15,20,1.4,60,12,20,1.4,7,3,20,1.4,33,8,20,1.4,38,11,20,1.4,51,8,20,1.4,1441,11,20,1.4
Oct-20,23,9,17,1.3,128,5,17,1.3,640,16,17,1.3,46,9,17,1.3,14,5,17,1.3,39,5,17,1.3,13,8,17,1.3,30,6,17,1.3,1278,11,17,1.3
Oct-20,9,5,23,1.9,105,5,23,1.9,804,17,23,1.9,26,10,23,1.9,23,9,23,1.9,50,5,23,1.9,27,11,23,1.9,27,5,23,1.9,1203,11,23,1.9
Oct-20,26,9,24,2,151,6,24,2,850,16,24,2,35,9,24,2,11,5,24,2,32,6,24,2,23,7,24,2,27,5,24,2,1193,13,24,2
Oct-20,33,13,31,2.1,129,5,31,2.1,983,16,31,2.1,43,7,31,2.1,18,7,31,2.1,37,5,31,2.1,35,9,31,2.1,26,3,31,2.1,1472,11,31,2.1
Oct-20,23,9,22,1.4,169,5,22,1.4,971,16,22,1.4,54,8,22,1.4,18,6,22,1.4,57,5,22,1.4,26,9,22,1.4,42,7,22,1.4,1537,11,22,1.4
Oct-20,25,10,16,1,136,5,16,1,1015,18,16,1,36,7,16,1,12,6,16,1,67,5,16,1,50,17,16,1,53,10,16,1,1684,12,16,1
Oct-20,25,9,15,0.9,147,5,15,0.9,1161,15,15,0.9,45,10,15,0.9,19,6,15,0.9,39,3,15,0.9,33,8,15,0.9,41,6,15,0.9,1600,11,15,0.9
Oct-20,27,11,15,1,136,6,15,1,660,16,15,1,56,10,15,1,5,2,15,1,40,4,15,1,32,10,15,1,30,5,15,1,1527,11,15,1
Oct-20,11,7,23,1.9,86,4,23,1.9,1004,19,23,1.9,22,7,23,1.9,10,6,23,1.9,49,5,23,1.9,22,13,23,1.9,12,2,23,1.9,1209,10,23,1.9
Oct-20,38,14,14,1.1,197,6,14,1.1,1015,15,14,1.1,48,10,14,1.1,8,3,14,1.1,59,4,14,1.1,35,13,14,1.1,29,5,14,1.1,1274,11,14,1.1
Oct-20,12,5,21,1.3,154,5,21,1.3,919,15,21,1.3,41,9,21,1.3,13,5,21,1.3,40,5,21,1.3,24,8,21,1.3,53,8,21,1.3,1637,11,21,1.3
Oct-20,31,12,18,1.3,141,5,18,1.3,1007,15,18,1.3,26,5,18,1.3,21,7,18,1.3,64,5,18,1.3,35,14,18,1.3,24,4,18,1.3,1380,10,18,1.3
Oct-20,46,15,24,1.6,169,5,24,1.6,1056,15,24,1.6,45,6,24,1.6,12,5,24,1.6,63,6,24,1.6,43,13,24,1.6,20,4,24,1.6,1545,11,24,1.6
Oct-20,24,10,24,1.4,188,6,24,1.4,830,14,24,1.4,58,10,24,1.4,16,7,24,1.4,52,4,24,1.4,33,13,24,1.4,45,7,24,1.4,1696,11,24,1.4
Oct-20,12,7,14,0.9,124,5,14,0.9,568,13,14,0.9,29,7,14,0.9,16,8,14,0.9,83,6,14,0.9,37,9,14,0.9,31,6,14,0.9,1586,11,14,0.9
Oct-20,8,5,19,1.7,95,5,19,1.7,854,17,19,1.7,23,8,19,1.7,14,7,19,1.7,32,4,19,1.7,35,14,19,1.7,26,5,19,1.7,1094,10,19,1.7
Oct-20,39,13,23,1.8,164,5,23,1.8,893,14,23,1.8,37,8,23,1.8,12,6,23,1.8,57,5,23,1.8,22,6,23,1.8,37,6,23,1.8,1308,12,23,1.8
Oct-20,22,9,15,1,142,5,15,1,794,15,15,1,28,7,15,1,10,5,15,1,57,6,15,1,54,18,15,1,48,8,15,1,1436,10,15,1
Oct-20,15,6,20,1.5,122,5,20,1.5,896,16,20,1.5,16,4,20,1.5,15,9,20,1.5,55,5,20,1.5,19,9,20,1.5,31,6,20,1.5,1335,11,20,1.5
Oct-20,49,13,23,1.5,181,5,23,1.5,1161,17,23,1.5,24,5,23,1.5,25,9,23,1.5,90,9,23,1.5,34,14,23,1.5,38,7,23,1.5,1493,12,23,1.5
Oct-20,30,8,25,1.5,164,6,25,1.5,1094,15,25,1.5,33,6,25,1.5,32,10,25,1.5,52,6,25,1.5,46,9,25,1.5,54,8,25,1.5,1681,12,25,1.5
Oct-20,34,14,19,1.2,148,6,19,1.2,674,13,19,1.2,36,6,19,1.2,17,7,19,1.2,54,6,19,1.2,29,15,19,1.2,35,7,19,1.2,1604,11,19,1.2
Oct-20,18,6,18,1.4,118,6,18,1.4,1052,20,18,1.4,47,11,18,1.4,8,5,18,1.4,55,5,18,1.4,29,11,18,1.4,37,8,18,1.4,1320,11,18,1.4
Nov-20,45,14,18,1.1,173,6,18,1.1,1070,16,18,1.1,35,6,18,1.1,16,9,18,1.1,54,11,18,1.1,39,15,18,1.1,58,10,18,1.1,1568,12,18,1.1
Nov-20,35,12,25,1.4,154,6,25,1.4,1079,16,25,1.4,37,6,25,1.4,19,10,25,1.4,57,6,25,1.4,44,12,25,1.4,31,4,25,1.4,1736,13,25,1.4
Nov-20,37,13,17,1,186,7,17,1,926,15,17,1,45,7,17,1,19,7,17,1,84,7,17,1,36,17,17,1,23,5,17,1,1659,12,17,1
Nov-20,65,16,21,1.4,162,5,21,1.4,1200,15,21,1.4,40,5,21,1.4,26,9,21,1.4,101,9,21,1.4,37,10,21,1.4,28,4,21,1.4,1517,11,21,1.4
Nov-20,31,8,17,0.9,158,5,17,0.9,958,14,17,0.9,37,6,17,0.9,19,7,17,0.9,59,5,17,0.9,61,14,17,0.9,34,5,17,0.9,1842,12,17,0.9
Nov-20,52,17,15,1,164,7,15,1,794,14,15,1,40,8,15,1,17,7,15,1,65,8,15,1,29,11,15,1,26,5,15,1,1469,11,15,1
Nov-20,19,7,13,1,122,5,13,1,964,16,13,1,34,11,13,1,21,9,13,1,44,5,13,1,21,12,13,1,35,7,13,1,1289,11,13,1
Nov-20,56,16,18,1.2,147,6,18,1.2,1123,16,18,1.2,38,6,18,1.2,17,7,18,1.2,101,15,18,1.2,19,6,18,1.2,27,4,18,1.2,1474,12,18,1.2
Nov-20,37,13,25,1.5,248,8,25,1.5,1121,16,25,1.5,37,6,25,1.5,22,7,25,1.5,63,7,25,1.5,43,13,25,1.5,70,11,25,1.5,1683,12,25,1.5
Nov-20,46,12,16,0.9,173,7,16,0.9,1179,17,16,0.9,27,4,16,0.9,28,10,16,0.9,92,8,16,0.9,54,14,16,0.9,28,4,16,0.9,1699,13,16,0.9
Nov-20,44,10,19,1.1,215,6,19,1.1,1105,16,19,1.1,34,5,19,1.1,12,4,19,1.1,67,5,19,1.1,44,12,19,1.1,54,8,19,1.1,1733,12,19,1.1
Nov-20,45,13,13,0.7,198,7,13,0.7,1199,17,13,0.7,39,6,13,0.7,9,3,13,0.7,42,6,13,0.7,58,18,13,0.7,41,6,13,0.7,1845,11,13,0.7
Nov-20,52,17,19,1.1,167,8,19,1.1,825,18,19,1.1,42,7,19,1.1,19,7,19,1.1,62,5,19,1.1,35,13,19,1.1,38,8,19,1.1,1767,13,19,1.1
Nov-20,14,8,14,0.9,139,6,14,0.9,1280,20,14,0.9,33,9,14,0.9,10,5,14,0.9,86,5,14,0.9,26,10,14,0.9,24,5,14,0.9,1531,13,14,0.9
Nov-20,51,12,21,1.1,272,10,21,1.1,1209,16,21,1.1,38,5,21,1.1,7,3,21,1.1,83,7,21,1.1,50,12,21,1.1,39,6,21,1.1,1837,13,21,1.1
Nov-20,40,12,21,1,190,7,21,1,1466,19,21,1,31,4,21,1,17,6,21,1,75,7,21,1,47,15,21,1,45,7,21,1,2139,14,21,1
Nov-20,38,9,39,1.8,255,8,39,1.8,1348,18,39,1.8,60,8,39,1.8,28,11,39,1.8,83,6,39,1.8,54,15,39,1.8,26,5,39,1.8,2212,14,39,1.8
Nov-20,29,7,21,1,268,7,21,1,1502,18,21,1,46,7,21,1,36,11,21,1,69,6,21,1,58,14,21,1,29,6,21,1,2111,13,21,1
Nov-20,39,9,30,1.3,208,6,30,1.3,1398,19,30,1.3,41,6,30,1.3,21,7,30,1.3,73,8,30,1.3,61,15,30,1.3,27,7,30,1.3,2364,13,30,1.3
Nov-20,37,12,17,0.7,193,8,17,0.7,1151,22,17,0.7,50,10,17,0.7,15,6,17,0.7,76,6,17,0.7,55,18,17,0.7,24,5,17,0.7,2275,15,17,0.7
Nov-20,16,7,28,1.5,232,9,28,1.5,1500,22,28,1.5,49,9,28,1.5,21,7,28,1.5,107,9,28,1.5,38,15,28,1.5,21,4,28,1.5,1847,15,28,1.5
Nov-20,50,12,38,1.8,367,11,38,1.8,1477,21,38,1.8,38,6,38,1.8,13,4,38,1.8,77,11,38,1.8,53,17,38,1.8,41,6,38,1.8,2060,15,38,1.8
Nov-20,41,12,28,1.2,297,11,28,1.2,1313,19,28,1.2,59,8,28,1.2,32,11,28,1.2,72,7,28,1.2,61,15,28,1.2,46,7,28,1.2,2419,15,28,1.2
Nov-20,35,8,32,1.4,221,8,32,1.4,1465,19,32,1.4,53,9,32,1.4,51,16,32,1.4,98,8,32,1.4,58,14,32,1.4,39,6,32,1.4,2230,15,32,1.4
Nov-20,44,11,39,1.8,274,8,39,1.8,1249,18,39,1.8,80,11,39,1.8,24,8,39,1.8,100,8,39,1.8,71,21,39,1.8,41,6,39,1.8,2156,13,39,1.8
Nov-20,53,12,37,1.6,316,9,37,1.6,1626,20,37,1.6,42,6,37,1.6,19,6,37,1.6,64,5,37,1.6,69,18,37,1.6,42,7,37,1.6,2292,13,37,1.6
Nov-20,39,12,20,0.9,288,9,20,0.9,951,19,20,0.9,38,8,20,0.9,36,13,20,0.9,99,9,20,0.9,46,14,20,0.9,37,6,20,0.9,2273,14,20,0.9
Nov-20,26,9,36,1.9,156,5,36,1.9,1300,21,36,1.9,36,9,36,1.9,22,10,36,1.9,104,9,36,1.9,38,16,36,1.9,26,5,36,1.9,1908,14,36,1.9
Nov-20,41,11,29,1.6,367,11,29,1.6,1492,20,29,1.6,32,6,29,1.6,26,9,29,1.6,52,7,29,1.6,87,25,29,1.6,32,6,29,1.6,1788,13,29,1.6
Nov-20,50,14,35,1.4,297,9,35,1.4,1436,20,35,1.4,65,10,35,1.4,23,9,35,1.4,98,8,35,1.4,84,21,35,1.4,37,6,35,1.4,2525,16,35,1.4
Dec-20,44,11,31,1.4,335,10,31,1.4,1452,20,31,1.4,29,5,31,1.4,23,9,31,1.4,83,9,31,1.4,62,19,31,1.4,42,7,31,1.4,2293,15,31,1.4
Dec-20,42,10,38,1.7,237,7,38,1.7,1348,18,38,1.7,31,6,38,1.7,39,13,38,1.7,140,11,38,1.7,69,16,38,1.7,35,6,38,1.7,2198,14,38,1.7
Dec-20,34,13,35,1.5,356,10,35,1.5,1601,19,35,1.5,55,8,35,1.5,21,6,35,1.5,93,9,35,1.5,73,16,35,1.5,52,8,35,1.5,2316,14,35,1.5
Dec-20,24,8,24,1.1,353,10,24,1.1,1117,19,24,1.1,45,11,24,1.1,17,5,24,1.1,136,17,24,1.1,59,19,24,1.1,30,8,24,1.1,2252,15,24,1.1
Dec-20,7,3,35,1.9,195,7,35,1.9,1085,19,35,1.9,29,6,35,1.9,36,12,35,1.9,80,7,35,1.9,58,13,35,1.9,13,3,35,1.9,1888,14,35,1.9
Dec-20,15,8,31,1.9,308,9,31,1.9,1442,19,31,1.9,51,8,31,1.9,18,7,31,1.9,37,6,31,1.9,54,17,31,1.9,22,5,31,1.9,1666,13,31,1.9
Dec-20,23,18,36,1.6,292,8,36,1.6,1234,17,36,1.6,67,10,36,1.6,30,9,36,1.6,90,9,36,1.6,47,11,36,1.6,15,2,36,1.6,2198,15,36,1.6
Dec-20,42,15,32,1.5,306,8,32,1.5,1365,19,32,1.5,64,9,32,1.5,20,6,32,1.5,124,10,32,1.5,60,15,32,1.5,23,5,32,1.5,2202,13,32,1.5
Dec-20,22,6,24,1.1,289,7,24,1.1,972,14,24,1.1,46,6,24,1.1,29,9,24,1.1,97,7,24,1.1,67,16,24,1.1,47,6,24,1.1,2159,13,24,1.1
Dec-20,29,7,37,2,260,8,37,2,1168,15,37,2,39,8,37,2,14,5,37,2,74,6,37,2,58,14,37,2,49,7,37,2,1861,11,37,2
Dec-20,28,10,19,1,244,8,19,1,629,14,19,1,42,7,19,1,23,8,19,1,53,8,19,1,33,12,19,1,53,9,19,1,1884,12,19,1
Dec-20,22,6,34,2.6,187,6,34,2.6,874,15,34,2.6,35,7,34,2.6,19,9,34,2.6,61,6,34,2.6,68,19,34,2.6,24,4,34,2.6,1329,11,34,2.6
Dec-20,22,6,32,2.4,279,8,32,2.4,983,13,32,2.4,29,6,32,2.4,26,12,32,2.4,66,5,32,2.4,57,16,32,2.4,36,6,32,2.4,1355,11,32,2.4
Dec-20,34,10,37,2.1,296,8,37,2.1,905,13,37,2.1,49,8,37,2.1,37,12,37,2.1,82,5,37,2.1,77,18,37,2.1,49,6,37,2.1,1799,11,37,2.1
Dec-20,21,7,40,2.1,297,9,40,2.1,1057,14,40,2.1,33,6,40,2.1,30,13,40,2.1,95,9,40,2.1,60,14,40,2.1,23,4,40,2.1,1877,10,40,2.1
Dec-20,20,6,27,1.7,184,5,27,1.7,604,11,27,1.7,33,6,27,1.7,16,6,27,1.7,80,5,27,1.7,57,11,27,1.7,33,4,27,1.7,1632,10,27,1.7
Dec-20,17,9,36,3.2,127,4,36,3.2,829,13,36,3.2,45,8,36,3.2,23,11,36,3.2,57,6,36,3.2,55,15,36,3.2,19,4,36,3.2,1134,9,36,3.2
Dec-20,29,9,25,1.9,241,6,25,1.9,603,11,25,1.9,8,2,25,1.9,9,5,25,1.9,57,5,25,1.9,40,13,25,1.9,25,4,25,1.9,1318,9,25,1.9
Dec-20,17,5,25,2,214,6,25,2,706,12,25,2,34,7,25,2,14,6,25,2,90,8,25,2,30,10,25,2,14,2,25,2,1267,10,25,2
Dec-20,23,7,38,3.3,186,6,38,3.3,747,11,38,3.3,31,6,38,3.3,29,12,38,3.3,51,9,38,3.3,38,14,38,3.3,23,5,38,3.3,1153,9,38,3.3
Dec-20,14,5,32,2.2,223,6,32,2.2,690,11,32,2.2,30,7,32,2.2,20,7,32,2.2,44,4,32,2.2,51,13,32,2.2,14,3,32,2.2,1470,9,32,2.2
Dec-20,23,8,17,1.3,226,8,17,1.3,739,11,17,1.3,18,3,17,1.3,18,7,17,1.3,60,4,17,1.3,34,11,17,1.3,19,3,17,1.3,1318,9,17,1.3
Dec-20,19,8,30,2.2,199,7,30,2.2,678,12,30,2.2,29,5,30,2.2,21,11,30,2.2,57,5,30,2.2,27,12,30,2.2,68,12,30,2.2,1367,9,30,2.2
Dec-20,8,3,19,1.5,173,6,19,1.5,663,11,19,1.5,26,4,19,1.5,23,12,19,1.5,54,6,19,1.5,40,10,19,1.5,14,2,19,1.5,1234,9,19,1.5
Dec-20,15,6,20,1.7,132,5,20,1.7,402,9,20,1.7,30,6,20,1.7,13,8,20,1.7,63,7,20,1.7,9,5,20,1.7,6,1,20,1.7,1163,8,20,1.7
Dec-20,16,7,30,3.6,188,6,30,3.6,550,11,30,3.6,32,6,30,3.6,13,7,30,3.6,42,4,30,3.6,36,14,30,3.6,19,3,30,3.6,834,8,30,3.6
Dec-20,16,5,24,2.3,193,6,24,2.3,557,10,24,2.3,16,4,24,2.3,3,1,24,2.3,53,8,24,2.3,22,9,24,2.3,6,1,24,2.3,1049,8,24,2.3
Dec-20,25,8,27,2.9,165,5,27,2.9,514,10,27,2.9,29,8,27,2.9,13,5,27,2.9,76,9,27,2.9,28,9,27,2.9,27,3,27,2.9,932,7,27,2.9
Dec-20,20,7,30,2.5,206,6,30,2.5,521,9,30,2.5,23,4,30,2.5,11,5,30,2.5,73,7,30,2.5,22,8,30,2.5,17,2,30,2.5,1181,8,30,2.5
Dec-20,14,4,22,1.8,137,5,22,1.8,512,11,22,1.8,13,3,22,1.8,16,8,22,1.8,68,9,22,1.8,16,7,22,1.8,29,4,22,1.8,1235,8,22,1.8
Dec-20,34,6,28,2.8,193,7,28,2.8,493,10,28,2.8,21,5,28,2.8,10,6,28,2.8,57,5,28,2.8,27,9,28,2.8,15,4,28,2.8,1014,8,28,2.8
Jan-21,5,3,17,1.7,95,4,17,1.7,300,9,17,1.7,7,2,17,1.7,7,4,17,1.7,29,6,17,1.7,23,10,17,1.7,10,3,17,1.7,990,8,17,1.7
Jan-21,14,5,23,3.4,136,5,23,3.4,478,11,23,3.4,33,6,23,3.4,13,8,23,3.4,30,3,23,3.4,6,4,23,3.4,10,1,23,3.4,684,7,23,3.4
Jan-21,7,4,27,3.2,182,6,27,3.2,517,10,27,3.2,11,2,27,3.2,13,7,27,3.2,65,12,27,3.2,16,7,27,3.2,6,2,27,3.2,835,8,27,3.2
Jan-21,4,3,24,2.6,149,4,24,2.6,540,9,24,2.6,25,5,24,2.6,5,2,24,2.6,35,3,24,2.6,22,8,24,2.6,31,3,24,2.6,910,8,24,2.6
Jan-21,13,5,20,2,132,5,20,2,406,7,20,2,28,4,20,2,9,3,20,2,53,4,20,2,21,7,20,2,25,5,20,2,991,7,20,2
Jan-21,11,3,17,1.7,175,4,17,1.7,546,8,17,1.7,28,5,17,1.7,2,1,17,1.7,40,5,17,1.7,19,7,17,1.7,32,4,17,1.7,978,6,17,1.7
Jan-21,20,5,31,3.1,190,5,31,3.1,431,8,31,3.1,23,3,31,3.1,12,4,31,3.1,25,3,31,3.1,26,6,31,3.1,32,4,31,3.1,1007,7,31,3.1
Jan-21,16,4,16,2,126,4,16,2,341,8,16,2,25,4,16,2,8,3,16,2,25,4,16,2,27,7,16,2,12,2,16,2,785,6,16,2
Jan-21,9,3,22,3.2,192,5,22,3.2,435,8,22,3.2,20,4,22,3.2,3,2,22,3.2,32,3,22,3.2,12,5,22,3.2,11,2,22,3.2,692,5,22,3.2
Jan-21,10,3,25,2.3,153,4,25,2.3,487,9,25,2.3,19,4,25,2.3,14,5,25,2.3,43,4,25,2.3,25,7,25,2.3,14,2,25,2.3,1071,8,25,2.3
Jan-21,7,2,22,2.6,106,3,22,2.6,360,7,22,2.6,32,5,22,2.6,8,2,22,2.6,27,2,22,2.6,12,3,22,2.6,23,2,22,2.6,849,6,22,2.6
Jan-21,10,3,16,2.2,164,5,16,2.2,406,7,16,2.2,46,7,16,2.2,17,6,16,2.2,52,3,16,2.2,33,7,16,2.2,21,3,16,2.2,718,5,16,2.2
Jan-21,12,3,14,1.6,130,3,14,1.6,445,8,14,1.6,16,3,14,1.6,11,3,14,1.6,45,3,14,1.6,19,5,14,1.6,15,2,14,1.6,890,6,14,1.6
Jan-21,16,4,16,2,160,4,16,2,467,8,16,2,15,3,16,2,9,4,16,2,32,4,16,2,27,8,16,2,24,3,16,2,813,5,16,2
Jan-21,10,3,13,1.7,92,3,13,1.7,323,7,13,1.7,36,5,13,1.7,5,2,13,1.7,21,2,13,1.7,22,8,13,1.7,9,2,13,1.7,762,6,13,1.7
Jan-21,10,3,21,3.6,103,3,21,3.6,320,6,21,3.6,8,1,21,3.6,10,3,21,3.6,34,2,21,3.6,7,3,21,3.6,9,1,21,3.6,578,5,21,3.6
Jan-21,16,4,23,4,120,4,23,4,442,7,23,4,27,6,23,4,10,4,23,4,30,5,23,4,15,6,23,4,16,2,23,4,569,4,23,4
Jan-21,17,5,16,2.3,114,3,16,2.3,368,6,16,2.3,9,2,16,2.3,6,2,16,2.3,49,4,16,2.3,11,5,16,2.3,19,2,16,2.3,697,5,16,2.3
Jan-21,9,3,20,2.8,127,3,20,2.8,339,6,20,2.8,21,3,20,2.8,8,3,20,2.8,62,4,20,2.8,9,3,20,2.8,11,1,20,2.8,702,5,20,2.8
Jan-21,13,4,8,1.2,134,3,8,1.2,386,6,8,1.2,19,3,8,1.2,2,1,8,1.2,40,3,8,1.2,11,4,8,1.2,6,1,8,1.2,656,4,8,1.2
Jan-21,4,1,16,2.7,140,3,16,2.7,318,6,16,2.7,14,3,16,2.7,6,3,16,2.7,41,4,16,2.7,19,7,16,2.7,28,4,16,2.7,584,4,16,2.7
Jan-21,3,1,15,2.4,59,2,15,2.4,272,5,15,2.4,8,1,15,2.4,6,2,15,2.4,25,2,15,2.4,4,2,15,2.4,10,1,15,2.4,619,4,15,2.4
Jan-21,11,4,22,5,92,2,22,5,289,6,22,5,29,5,22,5,9,5,22,5,18,2,22,5,15,4,22,5,12,2,22,5,436,4,22,5
Jan-21,23,6,20,4.2,103,3,20,4.2,269,5,20,4.2,10,2,20,4.2,6,3,20,4.2,33,4,20,4.2,16,5,20,4.2,46,5,20,4.2,473,3,20,4.2
Jan-21,6,2,18,3,104,2,18,3,288,5,18,3,8,1,18,3,10,3,18,3,26,3,18,3,8,3,18,3,31,3,18,3,602,4,18,3
Jan-21,7,2,14,2.7,97,2,14,2.7,278,5,14,2.7,10,1,14,2.7,4,1,14,2.7,35,3,14,2.7,12,4,14,2.7,27,3,14,2.7,515,4,14,2.7
Jan-21,7,2,17,3.2,101,2,17,3.2,281,4,17,3.2,6,1,17,3.2,3,1,17,3.2,32,3,17,3.2,6,2,17,3.2,12,1,17,3.2,528,3,17,3.2
Jan-21,11,4,15,2.9,69,2,15,2.9,272,5,15,2.9,6,1,15,2.9,3,1,15,2.9,25,3,15,2.9,13,5,15,2.9,15,2,15,2.9,509,3,15,2.9
Jan-21,9,3,7,1.5,60,2,7,1.5,226,5,7,1.5,11,2,7,1.5,4,2,7,1.5,17,2,7,1.5,11,4,7,1.5,7,1,7,1.5,454,4,7,1.5
Jan-21,7,3,17,4.7,89,3,17,4.7,200,5,17,4.7,9,2,17,4.7,3,1,17,4.7,28,4,17,4.7,5,3,17,4.7,7,1,17,4.7,363,3,17,4.7
Jan-21,8,3,16,4.3,75,2,16,4.3,260,5,16,4.3,7,1,16,4.3,6,3,16,4.3,22,4,16,4.3,2,1,16,4.3,17,2,16,4.3,369,3,16,4.3
Feb-21,6,2,10,2.3,141,3,10,2.3,235,4,10,2.3,17,3,10,2.3,7,3,10,2.3,39,4,10,2.3,8,3,10,2.3,10,1,10,2.3,443,4,10,2.3
Feb-21,9,2,12,2.3,98,3,12,2.3,243,4,12,2.3,13,2,12,2.3,10,4,12,2.3,29,2,12,2.3,7,3,12,2.3,5,1,12,2.3,525,4,12,2.3
Feb-21,4,1,13,3,79,2,13,3,215,3,13,3,8,1,13,3,4,1,13,3,26,3,13,3,8,3,13,3,19,2,13,3,438,3,13,3
Feb-21,9,2,13,2.7,128,3,13,2.7,251,4,13,2.7,15,2,13,2.7,5,2,13,2.7,34,4,13,2.7,7,3,13,2.7,16,2,13,2.7,485,3,13,2.7
Feb-21,7,2,7,1.6,33,1,7,1.6,156,4,7,1.6,11,2,7,1.6,3,1,7,1.6,24,3,7,1.6,7,3,7,1.6,5,0,7,1.6,435,3,7,1.6
Feb-21,7,2,8,2.6,76,2,8,2.6,156,3,8,2.6,5,1,8,2.6,3,1,8,2.6,21,2,8,2.6,2,1,8,2.6,1,0,8,2.6,305,3,8,2.6
Feb-21,11,4,15,5.1,101,3,15,5.1,184,3,15,5.1,7,1,15,5.1,4,2,15,5.1,18,3,15,5.1,6,2,15,5.1,1,0,15,5.1,292,2,15,5.1
Feb-21,9,3,16,5.1,100,2,16,5.1,215,4,16,5.1,11,2,16,5.1,5,2,16,5.1,19,2,16,5.1,4,2,16,5.1,4,0,16,5.1,316,2,16,5.1
Feb-21,2,1,8,2.1,85,2,8,2.1,183,3,8,2.1,19,3,8,2.1,7,3,8,2.1,20,2,8,2.1,11,2,8,2.1,17,2,8,2.1,387,3,8,2.1
Feb-21,5,1,10,2.6,85,2,10,2.6,231,4,10,2.6,16,2,10,2.6,7,2,10,2.6,15,1,10,2.6,6,2,10,2.6,14,1,10,2.6,388,3,10,2.6
Feb-21,10,3,9,2.2,98,2,9,2.2,206,4,9,2.2,16,2,9,2.2,1,0,9,2.2,15,2,9,2.2,9,3,9,2.2,15,2,9,2.2,418,3,9,2.2
Feb-21,9,3,5,1.2,70,2,5,1.2,171,4,5,1.2,19,3,5,1.2,4,2,5,1.2,17,2,5,1.2,6,3,5,1.2,12,1,5,1.2,404,3,5,1.2
Feb-21,5,2,13,4.5,101,3,13,4.5,143,3,13,4.5,4,1,13,4.5,1,1,13,4.5,18,1,13,4.5,8,5,13,4.5,8,1,13,4.5,291,2,13,4.5
Feb-21,5,1,8,2.5,96,2,8,2.5,208,4,8,2.5,6,1,8,2.5,20,7,8,2.5,18,3,8,2.5,8,2,8,2.5,16,2,8,2.5,326,3,8,2.5
Feb-21,4,1,11,2.5,83,2,11,2.5,193,4,11,2.5,23,3,11,2.5,7,2,11,2.5,20,2,11,2.5,6,2,11,2.5,13,1,11,2.5,446,3,11,2.5
Feb-21,4,1,13,3.3,108,3,13,3.3,229,3,13,3.3,5,1,13,3.3,7,3,13,3.3,27,2,13,3.3,5,2,13,3.3,11,1,13,3.3,396,3,13,3.3
Feb-21,4,1,16,3.6,115,3,16,3.6,201,4,16,3.6,20,3,16,3.6,1,0,16,3.6,28,2,16,3.6,7,2,16,3.6,32,3,16,3.6,443,3,16,3.6
Feb-21,3,1,15,3.8,97,2,15,3.8,195,3,15,3.8,14,2,15,3.8,2,1,15,3.8,23,2,15,3.8,3,1,15,3.8,11,1,15,3.8,391,3,15,3.8
Feb-21,7,2,8,2,64,2,8,2,170,4,8,2,10,2,8,2,2,1,8,2,18,3,8,2,3,2,8,2,16,2,8,2,406,3,8,2
Feb-21,4,1,5,1.4,65,2,5,1.4,128,3,5,1.4,22,4,5,1.4,1,0,5,1.4,30,2,5,1.4,3,2,5,1.4,10,1,5,1.4,350,3,5,1.4
Feb-21,4,1,7,2.1,92,2,7,2.1,151,4,7,2.1,2,0,7,2.1,1,0,7,2.1,7,1,7,2.1,6,3,7,2.1,24,2,7,2.1,327,2,7,2.1
Feb-21,6,2,7,1.9,98,2,7,1.9,192,4,7,1.9,16,2,7,1.9,2,1,7,1.9,16,2,7,1.9,4,2,7,1.9,10,1,7,1.9,366,3,7,1.9
Feb-21,8,2,18,4.5,118,3,18,4.5,214,4,18,4.5,7,1,18,4.5,4,1,18,4.5,12,1,18,4.5,3,1,18,4.5,10,1,18,4.5,399,3,18,4.5
Feb-21,2,1,5,1.2,103,2,5,1.2,228,4,5,1.2,14,2,5,1.2,,,5,1.2,14,1,5,1.2,7,2,5,1.2,12,1,5,1.2,428,3,5,1.2
Feb-21,5,1,5,1.2,117,2,5,1.2,247,4,5,1.2,14,2,5,1.2,1,0,5,1.2,20,2,5,1.2,6,1,5,1.2,14,2,5,1.2,410,3,5,1.2
Feb-21,3,1,11,2.3,98,2,11,2.3,203,4,11,2.3,9,2,11,2.3,1,0,11,2.3,13,1,11,2.3,1,1,11,2.3,12,1,11,2.3,470,3,11,2.3
Feb-21,7,2,5,1.2,82,2,5,1.2,240,6,5,1.2,5,1,5,1.2,4,2,5,1.2,8,1,5,1.2,6,3,5,1.2,26,2,5,1.2,407,3,5,1.2
Feb-21,5,2,8,2.1,155,3,8,2.1,302,5,8,2.1,8,1,8,2.1,4,1,8,2.1,17,3,8,2.1,2,1,8,2.1,22,2,8,2.1,385,3,8,2.1
Mar-21,7,2,8,1.4,143,3,8,1.4,304,5,8,1.4,10,1,8,1.4,7,3,8,1.4,13,1,8,1.4,6,2,8,1.4,18,2,8,1.4,585,4,8,1.4
Mar-21,4,1,7,1.4,133,3,7,1.4,364,6,7,1.4,10,1,7,1.4,2,1,7,1.4,18,1,7,1.4,4,2,7,1.4,7,1,7,1.4,515,3,7,1.4
Mar-21,10,2,5,0.8,147,3,5,0.8,385,6,5,0.8,9,1,5,0.8,3,1,5,0.8,10,1,5,0.8,5,2,5,0.8,30,3,5,0.8,614,4,5,0.8
Mar-21,8,2,7,1.1,150,4,7,1.1,319,6,7,1.1,13,2,7,1.1,4,2,7,1.1,26,3,7,1.1,7,3,7,1.1,21,2,7,1.1,619,4,7,1.1
Mar-21,5,2,6,0.9,100,3,6,0.9,262,6,6,0.9,11,2,6,0.9,9,3,6,0.9,16,2,6,0.9,9,3,6,0.9,19,2,6,0.9,635,5,6,0.9
Mar-21,7,3,10,1.9,133,3,10,1.9,353,7,10,1.9,6,1,10,1.9,8,4,10,1.9,20,2,10,1.9,5,2,10,1.9,21,2,10,1.9,540,4,10,1.9
Mar-21,7,2,11,1.8,180,4,11,1.8,478,8,11,1.8,9,1,11,1.8,4,1,11,1.8,26,3,11,1.8,4,2,11,1.8,32,2,11,1.8,606,4,11,1.8
Mar-21,10,3,14,1.7,168,3,14,1.7,517,8,14,1.7,16,2,14,1.7,9,3,14,1.7,16,1,14,1.7,12,4,14,1.7,5,0,14,1.7,845,5,14,1.7
Mar-21,12,3,13,1.4,160,3,13,1.4,633,10,13,1.4,17,2,13,1.4,6,2,13,1.4,26,2,13,1.4,16,6,13,1.4,23,2,13,1.4,912,5,13,1.4
Mar-21,10,2,7,0.7,211,4,7,0.7,583,8,7,0.7,16,2,7,0.7,12,4,7,0.7,26,2,7,0.7,17,5,7,0.7,38,3,7,0.7,1018,6,7,0.7
Mar-21,13,3,6,0.6,199,4,6,0.6,703,11,6,0.6,22,3,6,0.6,10,4,6,0.6,37,2,6,0.6,17,5,6,0.6,19,1,6,0.6,1051,6,6,0.6
Mar-21,9,3,13,1.2,148,4,13,1.2,597,11,13,1.2,9,2,13,1.2,4,2,13,1.2,19,2,13,1.2,9,5,13,1.2,19,2,13,1.2,1066,7,13,1.2
Mar-21,10,3,12,1.2,205,4,12,1.2,736,12,12,1.2,39,6,12,1.2,3,1,12,1.2,30,2,12,1.2,8,3,12,1.2,24,2,12,1.2,1014,6,12,1.2
Mar-21,19,5,18,1.6,287,6,18,1.6,1090,14,18,1.6,21,3,18,1.6,8,3,18,1.6,31,4,18,1.6,26,7,18,1.6,44,3,18,1.6,1159,7,18,1.6
Mar-21,23,6,26,1.5,267,5,26,1.5,1074,13,26,1.5,46,5,26,1.5,3,1,26,1.5,40,2,26,1.5,24,5,26,1.5,34,3,26,1.5,1773,9,26,1.5
Mar-21,24,4,26,1.5,243,5,26,1.5,1205,13,26,1.5,42,5,26,1.5,8,2,26,1.5,40,3,26,1.5,18,4,26,1.5,36,3,26,1.5,1719,8,26,1.5
Mar-21,27,6,11,0.6,260,5,11,0.6,1210,15,11,0.6,46,6,11,0.6,12,3,11,0.6,54,4,11,0.6,26,6,11,0.6,59,4,11,0.6,1865,8,11,0.6
Mar-21,33,7,16,0.7,343,7,16,0.7,1337,16,16,0.7,32,4,16,0.7,11,3,16,0.7,69,7,16,0.7,24,6,16,0.7,62,5,16,0.7,2187,10,16,0.7
Mar-21,19,4,18,0.9,270,6,18,0.9,1203,16,18,0.9,29,4,18,0.9,13,4,18,0.9,89,6,18,0.9,12,4,18,0.9,28,2,18,0.9,1899,10,18,0.9
Mar-21,17,5,26,1.4,270,6,26,1.4,1321,17,26,1.4,36,5,26,1.4,17,6,26,1.4,54,5,26,1.4,11,3,26,1.4,29,2,26,1.4,1868,9,26,1.4
Mar-21,47,10,22,1,385,7,22,1,1561,16,22,1,52,6,22,1,29,6,22,1,56,5,22,1,17,5,22,1,94,7,22,1,2172,10,22,1
Mar-21,55,11,30,1.1,541,9,30,1.1,2235,20,30,1.1,52,6,30,1.1,26,7,30,1.1,103,8,30,1.1,24,6,30,1.1,107,6,30,1.1,2809,11,30,1.1
Mar-21,58,11,18,0.5,439,8,18,0.5,2197,20,18,0.5,61,6,18,0.5,27,7,18,0.5,82,5,18,0.5,36,6,18,0.5,78,5,18,0.5,3554,14,18,0.5
Mar-21,55,8,25,0.7,397,7,25,0.7,2356,20,25,0.7,64,5,25,0.7,34,7,25,0.7,126,7,25,0.7,55,11,25,0.7,91,6,25,0.7,3567,13,25,0.7
Mar-21,49,8,34,0.9,604,9,34,0.9,2715,19,34,0.9,61,7,34,0.9,25,5,34,0.9,88,6,34,0.9,57,9,34,0.9,82,5,34,0.9,3587,13,34,0.9
Mar-21,30,6,33,0.9,426,8,33,0.9,2167,23,33,0.9,84,9,33,0.9,24,5,33,0.9,84,7,33,0.9,25,7,33,0.9,59,5,33,0.9,3737,14,33,0.9
Mar-21,53,11,39,1.1,420,8,39,1.1,2914,26,39,1.1,23,4,39,1.1,25,9,39,1.1,123,12,39,1.1,49,12,39,1.1,60,5,39,1.1,3674,15,39,1.1
Mar-21,80,16,35,0.9,599,10,35,0.9,3332,25,35,0.9,123,15,35,0.9,36,9,35,0.9,96,7,35,0.9,38,10,35,0.9,122,9,35,0.9,3908,18,35,0.9
Mar-21,80,18,45,0.9,585,11,45,0.9,3465,26,45,0.9,84,8,45,0.9,35,9,45,0.9,133,9,45,0.9,47,12,45,0.9,116,8,45,0.9,5181,18,45,0.9
Mar-21,69,14,45,0.9,636,12,45,0.9,3741,29,45,0.9,93,9,45,0.9,58,12,45,0.9,163,11,45,0.9,54,15,45,0.9,94,7,45,0.9,5042,19,45,0.9
Mar-21,82,15,52,1,682,12,52,1,4777,31,52,1,56,8,52,1,51,14,52,1,147,10,52,1,47,10,52,1,116,9,52,1,5358,20,52,1
Apr-21,113,19,59,0.9,979,16,59,0.9,5178,29,59,0.9,135,14,59,0.9,51,12,59,0.9,157,10,59,0.9,44,11,59,0.9,138,11,59,0.9,6469,23,59,0.9
Apr-21,89,19,50,0.7,605,12,50,0.7,3472,31,50,0.7,160,22,50,0.7,51,12,50,0.7,121,11,50,0.7,51,13,50,0.7,93,7,50,0.7,6830,23,50,0.7
Apr-21,120,20,58,1,794,13,58,1,4972,30,58,1,139,17,58,1,60,12,58,1,180,15,58,1,71,15,58,1,77,6,58,1,5683,24,58,1
Apr-21,120,20,53,0.7,945,14,53,0.7,4782,28,53,0.7,158,19,53,0.7,77,13,53,0.7,193,12,53,0.7,49,9,53,0.7,124,8,53,0.7,7087,23,53,0.7
Apr-21,158,24,52,0.7,851,13,52,0.7,5009,29,52,0.7,165,14,52,0.7,82,19,52,0.7,195,9,52,0.7,73,15,52,0.7,138,8,52,0.7,7075,23,52,0.7
Apr-21,202,27,66,0.9,1068,16,66,0.9,4916,29,66,0.9,195,19,66,0.9,132,23,66,0.9,213,10,66,0.9,106,21,66,0.9,189,11,66,0.9,7213,21,66,0.9
Apr-21,160,24,63,0.8,1005,15,63,0.8,5065,27,63,0.8,175,17,63,0.8,98,18,63,0.8,267,18,63,0.8,82,17,63,0.8,159,10,63,0.8,7626,22,63,0.8
Apr-21,104,17,74,1.1,1031,16,74,1.1,5138,28,74,1.1,238,22,74,1.1,71,14,74,1.1,248,17,74,1.1,87,18,74,1.1,160,11,74,1.1,6854,21,74,1.1
Apr-21,111,24,63,0.8,789,13,63,0.8,4102,27,63,0.8,230,20,63,0.8,54,12,63,0.8,226,14,63,0.8,72,16,63,0.8,222,17,63,0.8,7462,24,63,0.8
Apr-21,121,24,77,1.4,740,13,77,1.4,4192,27,77,1.4,106,18,77,1.4,51,10,77,1.4,310,19,77,1.4,73,15,77,1.4,144,10,77,1.4,5343,20,77,1.4
Apr-21,150,23,78,1.3,973,15,78,1.3,3762,24,78,1.3,208,18,78,1.3,67,13,78,1.3,213,21,78,1.3,90,18,78,1.3,134,10,78,1.3,5819,20,78,1.3
Apr-21,109,19,83,1.2,916,12,83,1.2,3717,23,83,1.2,253,20,83,1.2,66,11,83,1.2,279,17,83,1.2,76,15,83,1.2,149,11,83,1.2,7201,21,83,1.2
Apr-21,143,33,69,1.1,766,18,69,1.1,3558,26,69,1.1,212,20,69,1.1,101,17,69,1.1,313,16,69,1.1,58,14,69,1.1,169,22,69,1.1,6028,18,69,1.1
Apr-21,107,26,96,1.9,499,19,96,1.9,2953,26,96,1.9,237,22,96,1.9,112,35,96,1.9,232,15,96,1.9,59,15,96,1.9,70,21,96,1.9,5185,21,96,1.9
Apr-21,66,18,94,2.2,613,25,94,2.2,2462,25,94,2.2,80,13,94,2.2,81,36,94,2.2,184,16,94,2.2,85,22,94,2.2,103,28,94,2.2,4192,21,94,2.2
Apr-21,115,20,101,2.3,498,19,101,2.3,2105,23,101,2.3,188,16,101,2.3,69,18,101,2.3,220,19,101,2.3,68,16,101,2.3,67,20,101,2.3,4417,23,101,2.3
Apr-21,135,31,101,2.9,514,18,101,2.9,2156,22,101,2.9,113,19,101,2.9,64,18,101,2.9,210,22,101,2.9,75,18,101,2.9,85,17,101,2.9,3473,21,101,2.9
Apr-21,164,25,102,2.8,778,15,102,2.8,2462,20,102,2.8,175,19,102,2.8,78,14,102,2.8,240,22,102,2.8,83,18,102,2.8,142,18,102,2.8,3698,19,102,2.8
Apr-21,99,19,112,2.6,703,13,112,2.6,2386,19,112,2.6,187,17,112,2.6,30,7,112,2.6,218,16,112,2.6,85,18,112,2.6,146,14,112,2.6,4271,18,112,2.6
Apr-21,150,30,91,2,735,13,91,2,2465,18,91,2,242,19,91,2,80,16,91,2,246,12,91,2,89,20,91,2,156,13,91,2,4559,17,91,2
Apr-21,126,26,95,2.2,679,12,95,2.2,2425,19,95,2.2,154,14,95,2.2,87,14,95,2.2,246,13,95,2.2,72,16,95,2.2,146,13,95,2.2,4280,15,95,2.2
Apr-21,82,15,98,2.4,706,13,98,2.4,1853,17,98,2.4,106,12,98,2.4,35,7,98,2.4,184,11,98,2.4,63,13,98,2.4,149,16,98,2.4,4014,15,98,2.4
Apr-21,92,23,88,2.4,498,12,88,2.4,1432,14,88,2.4,186,21,88,2.4,27,8,88,2.4,168,11,88,2.4,71,20,88,2.4,132,13,88,2.4,3629,14,88,2.4
Apr-21,91,23,83,3.1,405,12,83,3.1,1313,15,83,3.1,100,21,83,3.1,32,13,83,3.1,145,12,83,3.1,18,5,83,3.1,32,5,83,3.1,2697,13,83,3.1
Apr-21,77,15,101,3.5,507,10,101,3.5,2012,16,101,3.5,163,16,101,3.5,49,8,101,3.5,202,14,101,3.5,69,17,101,3.5,92,8,101,3.5,2922,13,101,3.5
Apr-21,83,17,97,2.9,690,12,97,2.9,1806,14,97,2.9,86,10,97,2.9,49,9,97,2.9,181,10,97,2.9,53,15,97,2.9,92,9,97,2.9,3306,13,97,2.9
Apr-21,95,21,78,2.6,612,11,78,2.6,1454,12,78,2.6,161,16,78,2.6,47,10,78,2.6,124,7,78,2.6,58,13,78,2.6,94,9,78,2.6,3031,13,78,2.6
Apr-21,81,18,77,2.6,481,10,77,2.6,1369,11,77,2.6,83,12,77,2.6,57,11,77,2.6,177,12,77,2.6,52,11,77,2.6,114,14,77,2.6,2955,10,77,2.6
Apr-21,58,13,88,3.8,522,10,88,3.8,1189,12,88,3.8,148,15,88,3.8,42,10,88,3.8,141,13,88,3.8,56,13,88,3.8,101,8,88,3.8,2341,9,88,3.8
Apr-21,57,15,57,2.6,379,10,57,2.6,761,10,57,2.6,108,15,57,2.6,25,7,57,2.6,121,8,57,2.6,32,14,57,2.6,57,7,57,2.6,2177,10,57,2.6
May-21,62,10,60,4.1,242,7,60,4.1,811,11,60,4.1,45,9,60,4.1,19,6,60,4.1,94,9,60,4.1,46,14,60,4.1,60,8,60,4.1,1452,10,60,4.1
May-21,83,15,69,5.1,332,8,69,5.1,733,9,69,5.1,64,13,69,5.1,25,7,69,5.1,131,9,69,5.1,30,14,69,5.1,72,9,69,5.1,1359,10,69,5.1
May-21,49,11,65,3.7,468,10,65,3.7,900,10,65,3.7,141,15,65,3.7,31,8,65,3.7,131,8,65,3.7,49,16,65,3.7,113,11,65,3.7,1739,9,65,3.7
May-21,52,12,61,3.2,377,8,61,3.2,860,10,61,3.2,84,11,61,3.2,65,12,61,3.2,116,6,61,3.2,58,13,61,3.2,105,10,61,3.2,1914,9,61,3.2
May-21,65,13,50,2.9,499,11,50,2.9,869,9,50,2.9,77,11,50,2.9,59,11,50,2.9,129,7,50,2.9,32,9,50,2.9,91,10,50,2.9,1742,9,50,2.9
May-21,33,8,41,2.3,439,9,41,2.3,968,11,41,2.3,51,9,41,2.3,30,7,41,2.3,98,8,41,2.3,22,8,41,2.3,83,8,41,2.3,1822,8,41,2.3
May-21,61,16,37,2.2,300,8,37,2.2,506,8,37,2.2,77,10,37,2.2,51,15,37,2.2,84,6,37,2.2,39,10,37,2.2,68,7,37,2.2,1682,10,37,2.2
May-21,34,6,45,3.5,310,9,45,3.5,644,10,45,3.5,59,13,45,3.5,37,10,45,3.5,97,8,45,3.5,20,10,45,3.5,57,7,45,3.5,1285,9,45,3.5
May-21,26,5,56,4,429,10,56,4,677,9,56,4,89,11,56,4,33,9,56,4,84,9,56,4,37,13,56,4,99,10,56,4,1386,8,56,4
May-21,45,11,38,2.5,300,8,38,2.5,526,9,38,2.5,96,13,38,2.5,16,5,38,2.5,94,17,38,2.5,37,14,38,2.5,194,13,38,2.5,1514,9,38,2.5
May-21,30,8,33,2.7,306,8,33,2.7,499,7,33,2.7,51,10,33,2.7,32,10,33,2.7,108,9,33,2.7,24,11,33,2.7,91,8,33,2.7,1230,9,33,2.7
May-21,38,13,40,3.5,409,12,40,3.5,458,9,40,3.5,93,15,40,3.5,22,9,40,3.5,86,5,40,3.5,39,16,40,3.5,58,14,40,3.5,1140,7,40,3.5
May-21,33,13,31,2.4,265,11,31,2.4,343,9,31,2.4,73,21,31,2.4,11,5,31,2.4,96,13,31,2.4,21,12,31,2.4,58,14,31,2.4,1290,10,31,2.4
May-21,25,20,26,3.1,85,7,26,3.1,89,6,26,3.1,17,35,26,3.1,4,3,26,3.1,52,19,26,3.1,,,26,3.1,17,8,26,3.1,848,11,26,3.1
May-21,10,8,22,8.4,84,5,22,8.4,141,5,22,8.4,26,13,22,8.4,8,9,22,8.4,56,23,22,8.4,9,7,22,8.4,13,4,22,8.4,261,7,22,8.4
May-21,25,11,25,6.9,169,7,25,6.9,262,5,25,6.9,53,20,25,6.9,13,8,25,6.9,67,27,25,6.9,22,14,25,6.9,51,12,25,6.9,363,7,25,6.9
May-21,47,13,32,4.6,356,9,32,4.6,461,6,32,4.6,100,15,32,4.6,14,5,32,4.6,115,16,32,4.6,35,15,32,4.6,67,8,32,4.6,698,7,32,4.6
May-21,32,8,30,2.4,456,9,30,2.4,481,6,30,2.4,157,17,30,2.4,19,5,30,2.4,151,9,30,2.4,33,14,30,2.4,110,16,30,2.4,1272,8,30,2.4
May-21,21,6,37,2.3,391,13,37,2.3,446,5,37,2.3,147,16,37,2.3,25,5,37,2.3,122,8,37,2.3,57,13,37,2.3,76,13,37,2.3,1608,8,37,2.3
May-21,37,9,36,2.5,359,9,36,2.5,508,7,36,2.5,155,17,36,2.5,17,4,36,2.5,163,10,36,2.5,51,13,36,2.5,102,15,36,2.5,1457,7,36,2.5
May-21,28,8,26,1.7,281,11,26,1.7,338,7,26,1.7,100,14,26,1.7,22,7,26,1.7,118,7,26,1.7,47,12,26,1.7,78,12,26,1.7,1504,8,26,1.7
May-21,25,7,38,3.7,334,12,38,3.7,374,6,38,3.7,74,20,38,3.7,18,5,38,3.7,139,10,38,3.7,33,12,38,3.7,42,11,38,3.7,1028,8,38,3.7
May-21,29,8,28,2.1,409,12,28,2.1,474,6,28,2.1,127,15,28,2.1,34,10,28,2.1,203,21,28,2.1,45,14,28,2.1,86,15,28,2.1,1354,9,28,2.1
May-21,55,14,25,1.7,407,13,25,1.7,420,6,25,1.7,160,20,25,1.7,40,10,25,1.7,167,10,25,1.7,54,13,25,1.7,133,17,25,1.7,1441,8,25,1.7
May-21,19,5,40,2.4,406,12,40,2.4,474,6,40,2.4,167,17,40,2.4,58,12,40,2.4,265,16,40,2.4,57,14,40,2.4,91,15,40,2.4,1675,10,40,2.4
May-21,22,3,17,1.1,263,10,17,1.1,428,7,17,1.1,150,20,17,1.1,39,11,17,1.1,172,19,17,1.1,41,11,17,1.1,69,12,17,1.1,1497,9,17,1.1
May-21,47,5,22,1.7,379,12,22,1.7,349,6,22,1.7,81,16,22,1.7,41,12,22,1.7,235,21,22,1.7,34,10,22,1.7,40,9,22,1.7,1292,8,22,1.7
May-21,130,29,31,2.3,230,9,31,2.3,374,7,31,2.3,140,17,31,2.3,41,12,31,2.3,75,8,31,2.3,31,12,31,2.3,103,18,31,2.3,1358,9,31,2.3
May-21,53,6,38,3.6,374,13,38,3.6,409,7,38,3.6,125,23,38,3.6,34,12,38,3.6,282,16,38,3.6,58,17,38,3.6,47,11,38,3.6,1043,8,38,3.6
May-21,20,2,34,2.4,402,12,34,2.4,442,6,34,2.4,204,21,34,2.4,45,12,34,2.4,234,29,34,2.4,70,17,34,2.4,109,19,34,2.4,1444,10,34,2.4
May-21,54,7,36,2.1,513,15,36,2.1,444,6,36,2.1,228,22,36,2.1,44,10,36,2.1,294,16,36,2.1,55,12,36,2.1,84,12,36,2.1,1710,9,36,2.1
Jun-21,28,8,41,2.3,369,11,41,2.3,418,5,41,2.3,232,21,41,2.3,27,8,41,2.3,341,14,41,2.3,82,18,41,2.3,118,16,41,2.3,1765,10,41,2.3
Jun-21,54,13,34,1.7,467,14,34,1.7,337,5,34,1.7,206,22,34,1.7,43,12,34,1.7,293,14,34,1.7,85,19,34,1.7,71,11,34,1.7,1988,10,34,1.7
Jun-21,78,10,30,1.8,454,13,30,1.8,469,6,30,1.8,320,29,30,1.8,78,19,30,1.8,266,20,30,1.8,55,12,30,1.8,76,12,30,1.8,1687,10,30,1.8
Jun-21,36,10,34,1.8,239,9,34,1.8,342,7,34,1.8,250,23,34,1.8,33,9,34,1.8,295,24,34,1.8,64,12,34,1.8,91,16,34,1.8,1887,10,34,1.8
Jun-21,18,6,43,3,309,12,43,3,361,6,43,3,167,21,43,3,32,12,43,3,385,24,43,3,100,23,43,3,53,10,43,3,1447,11,43,3
Jun-21,36,10,38,2.3,299,10,38,2.3,476,7,38,2.3,262,25,38,2.3,37,9,38,2.3,312,29,38,2.3,81,17,38,2.3,54,12,38,2.3,1676,11,38,2.3
Jun-21,48,12,30,1.5,341,10,30,1.5,589,9,30,1.5,413,31,30,1.5,32,7,30,1.5,356,20,30,1.5,110,24,30,1.5,71,10,30,1.5,1970,11,30,1.5
Jun-21,53,16,44,1.9,353,10,44,1.9,560,9,44,1.9,469,37,44,1.9,39,9,44,1.9,467,20,44,1.9,109,24,44,1.9,94,12,44,1.9,2322,12,44,1.9
Jun-21,26,7,36,1.4,406,12,36,1.4,629,9,36,1.4,415,33,36,1.4,50,11,36,1.4,375,16,36,1.4,114,24,36,1.4,102,15,36,1.4,2537,12,36,1.4
Jun-21,26,6,40,1.6,392,12,40,1.6,625,9,40,1.6,551,36,40,1.6,74,13,40,1.6,375,23,40,1.6,113,23,40,1.6,96,16,40,1.6,2576,13,40,1.6
Jun-21,28,8,43,1.8,231,11,43,1.8,467,9,43,1.8,383,31,43,1.8,31,8,43,1.8,273,21,43,1.8,104,24,43,1.8,50,12,43,1.8,2454,13,43,1.8
Jun-21,36,10,39,2.4,362,13,39,2.4,610,10,39,2.4,354,36,39,2.4,49,12,39,2.4,298,25,39,2.4,141,28,39,2.4,73,11,39,2.4,1637,14,39,2.4
Jun-21,52,12,47,1.9,608,18,47,1.9,795,11,47,1.9,548,38,47,1.9,59,12,47,1.9,380,30,47,1.9,140,27,47,1.9,87,13,47,1.9,2436,13,47,1.9
Jun-21,26,8,54,1.8,468,13,54,1.8,934,12,54,1.8,714,38,54,1.8,72,11,54,1.8,468,20,54,1.8,137,27,54,1.8,101,12,54,1.8,3050,15,54,1.8
Jun-21,45,11,50,1.5,561,15,50,1.5,960,12,50,1.5,680,39,50,1.5,67,15,50,1.5,464,27,50,1.5,411,32,50,1.5,91,10,50,1.5,3319,14,50,1.5
Jun-21,50,13,60,1.5,458,12,60,1.5,1133,14,60,1.5,659,40,60,1.5,77,13,60,1.5,466,22,60,1.5,197,27,60,1.5,102,14,60,1.5,3956,17,60,1.5
Jun-21,65,17,63,1.6,528,15,63,1.6,1157,14,63,1.6,798,41,63,1.6,125,21,63,1.6,517,23,63,1.6,222,36,63,1.6,89,15,63,1.6,3840,15,63,1.6
Jun-21,75,26,54,1.4,313,12,54,1.4,867,15,54,1.4,513,38,54,1.4,75,13,54,1.4,557,21,54,1.4,130,31,54,1.4,68,12,54,1.4,3883,19,54,1.4
Jun-21,108,16,67,2.2,421,14,67,2.2,999,15,67,2.2,484,30,67,2.2,86,14,67,2.2,570,28,67,2.2,151,34,67,2.2,126,18,67,2.2,3057,18,67,2.2
Jun-21,95,24,82,2.3,537,16,82,2.3,1446,16,82,2.3,691,37,82,2.3,130,21,82,2.3,592,44,82,2.3,156,40,82,2.3,83,11,82,2.3,3641,16,82,2.3
Jun-21,91,22,78,1.7,734,18,78,1.7,1477,16,78,1.7,739,42,78,1.7,111,17,78,1.7,524,24,78,1.7,145,28,78,1.7,119,15,78,1.7,4636,19,78,1.7
Jun-21,103,23,76,1.6,711,19,76,1.6,1720,20,76,1.6,616,46,76,1.6,124,19,76,1.6,702,22,76,1.6,724,36,76,1.6,138,17,76,1.6,4846,19,76,1.6
Jun-21,116,30,85,1.5,713,18,85,1.5,2073,20,85,1.5,680,48,85,1.5,120,19,85,1.5,569,22,85,1.5,387,32,85,1.5,138,18,85,1.5,5727,20,85,1.5
Jun-21,108,22,81,1.3,836,19,81,1.3,2155,20,81,1.3,1069,58,81,1.3,116,18,81,1.3,674,30,81,1.3,244,39,81,1.3,189,21,81,1.3,6058,20,81,1.3
Jun-21,71,22,108,1.8,460,16,108,1.8,1507,19,108,1.8,642,42,108,1.8,109,17,108,1.8,378,23,108,1.8,133,29,108,1.8,140,16,108,1.8,5869,21,108,1.8
Jun-21,139,31,77,1.8,815,20,77,1.8,2041,23,77,1.8,910,59,77,1.8,230,33,77,1.8,726,34,77,1.8,325,51,77,1.8,81,13,77,1.8,4334,23,77,1.8
Jun-21,174,33,119,2.3,1211,26,119,2.3,2743,23,119,2.3,1059,55,119,2.3,222,34,119,2.3,691,33,119,2.3,404,50,119,2.3,227,24,119,2.3,5268,22,119,2.3
Jun-21,162,34,104,1.2,988,20,104,1.2,2768,26,104,1.2,1116,54,104,1.2,231,34,104,1.2,913,29,104,1.2,368,40,104,1.2,257,25,104,1.2,8364,24,104,1.2
Jun-21,174,36,112,1.5,1177,23,112,1.5,2958,25,112,1.5,987,57,112,1.5,281,45,112,1.5,837,33,112,1.5,343,43,112,1.5,234,26,112,1.5,7666,24,112,1.5
Jun-21,163,38,115,1.3,1311,28,115,1.3,2843,29,115,1.3,726,53,115,1.3,213,31,115,1.3,847,32,115,1.3,559,34,115,1.3,183,24,115,1.3,8822,25,115,1.3
Jul-21,161,34,143,1.7,761,26,143,1.7,2253,34,143,1.7,559,61,143,1.7,195,40,143,1.7,488,36,143,1.7,322,43,143,1.7,275,32,143,1.7,8301,26,143,1.7
Jul-21,2,4,132,1.6,163,19,132,1.6,403,26,132,1.6,100,38,132,1.6,18,23,132,1.6,53,11,132,1.6,40,51,132,1.6,3,10,132,1.6,8483,28,132,1.6
